transliteration,translation,source_file,norm
1 2/3 maném kaspam sa Su-Hu-bur sa A-šizr-na-da i-s`u-ni Pu-gu-ki-in e pu-ul,Pusu-ken paid 1 2/3 minas of silver of Su-Hubur which Assur-nada had.,akkadian-translation.csv,1 23 manem kaspam sa suhubur sa asizrnada isuni pugukiin e puul
1 2/3 maném kaspam ša Su-Hu-bur sa A-šizr-na-da i-s`u-ni Pu-gu-ki-in e pu-ul,"Pusu-ken paid 1 2/3 minas of silver belonging to Su-Hubur, which Assur-nada had.",akkadian-translation.csv,1 23 manem kaspam sa suhubur sa asizrnada isuni pugukiin e puul
1 kà-sú-um sˇa IGI ša-ru-ma!-té-en,1 cup that was in front of Sˇarru-ma¯te¯n.,akkadian-translation.csv,1 kasuum sa igi sarumateen
1 kà-sú-um ša IGI ša-ru-ma-té-en,1 goblet that was in front of Šarru-mātēn.,phucthaiv02_oa_sentences.csv,1 kasuum sa igi sarumateen
1 me-at 96 GÙ we-ri šÀ.BA 3 GÙ a-na DUMU A-gu-a as-ni-iq,Of 196 talents of copper: I handed over 3 talents of it to the son of Agua.,akkadian-translation.csv,1 meat 96 gu weri saba 3 gu ana dumu agua asniiq
1 me-at 96 GÙ we-ri SÀ.BA 3 GÙ a-na DUMU A-gu-a as-ni-iq,"Of 196 talents of copper, I handed over 3 talents to the son of Agua.",akkadian-translation.csv,1 meat 96 gu weri saba 3 gu ana dumu agua asniiq
1 TÚG ša A-ki-dí-e Lá-qé-ep na-áš-a-kum,La-q®p brings you 1 Akkadian textile.,akkadian-translation.csv,1 tug sa akidie laqeep naasakum
1 TÚG ša a-ki-dí-e lá-qé-ep na-áš-a-kum,La-qēp brings you 1 Akkadian textile.,phucthaiv02_oa_sentences.csv,1 tug sa akidie laqeep naasakum
12 bilatior eram si-kam darsnzugam i ş6-er Ni-rnar-Istar Bu-za-zu i -sac is tic,Buzazu has 12 talents of refined copper in pieces against Nimar-Istar.,akkadian-translation.csv,12 bilatior eram sikam darsnzugam i s6er nirnaristar buzazu i sac is tic
12 bilatior eram si-kam darsnzugam i š6-er Ni-rnar-Istar Bu-za-zu i -sac is tic,"Buzazu has 12 talents of copper in pieces, refined, on the back of Nimar-Istar.",akkadian-translation.csv,12 bilatior eram sikam darsnzugam i s6er nirnaristar buzazu i sac is tic
1/2 maném kaspam sa-ru pd-am sit Pu-su-ki-in I-di-A-sur bi-û-lâ-at Ku-ul-zi-ar me-er-i su i15-qi,"Regarding the 1/2 mina of refined silver belonging to Pusu-ken: Idi-Assur took the working capital of Kulziar, his son.",akkadian-translation.csv,12 manem kaspam saru pdam sit pusukiin idiasur biulaat kuulziar meeri su i15qi
1/2 maném kaspam ša-ru pd-am sit Pu-su-ki-in I-di-A-sur bi-û-lâ-at Ku-ul-zi-ar me-er-i su i15-qi,"Regarding the 1/2 mina of silver, refined, of Pusu-ken: Idi-Assur took the working capital of Kulziar, his son.",akkadian-translation.csv,12 manem kaspam saru pdam sit pusukiin idiasur biulaat kuulziar meeri su i15qi
2 TÚG.HI.A ku-ta-ni ša šu-Ištar DUMU Lu-zi-ni a-na 27 ma-na URUDU ma-sí-im Li-ip-ta-num a-na I-dí-A-šùr DUMU Dan-A-šùr i-dí-in,A gave B two kutªnu-textiles belonging to C for 27 minas of washed copper.,akkadian-translation.csv,2 tughia kutani sa suistar dumu luzini ana 27 mana urudu masiim liiptanum ana idiasur dumu danasur idiin
2 TÚG.ḪI.A ku-ta-ni ša šu-IŠTAR DUMU lu-zi-ni a-na 27 ma-na URUDU ma-sí-im li-ip-ta-num a-na i-dí-a-šùr DUMU dan-a-šùr i-dí-in,"Two kutānu-textiles belonging to Šu-Ištar, son of Luzini, Liptānum gave to Iddin-Aššur, son of Dān-Aššur, for 27 minas of refined copper.",phucthaiv02_oa_sentences.csv,2 tughia kutani sa suistar dumu luzini ana 27 mana urudu masiim liiptanum ana idiasur dumu danasur idiin
3 GÙ URUDU šÀ'.BA? 5? GU 10? ma-na.TA? a Kàniisûsébi4lam.,"3 talents of copper, of which he has sent me 5 talents at 10 minas to Kanesh.",akkadian-translation.csv,3 gu urudu saba 5 gu 10 manata a kaniisusebi4lam
3 GÙ URUDU ŠÀ.BA 5 GÙ 10 ma-na.TA a Kàniisûsébi4lam,"3 talents of copper, of which he sent me 5 talents at 10 minas each to Kanesh.",akkadian-translation.csv,3 gu urudu saba 5 gu 10 manata a kaniisusebi4lam
3 ma-na URUDU da-/a-sú ša A-bu-a ša iš-tù Kà-ni-ìš : a-dí Wa-ah-šu-ša-na áš-qú-ul,"3 minas of copper, the fee for Abuwa for the stretch from Kanesh to Wahšušana, I paid.",akkadian-translation.csv,3 mana urudu daasu sa abua sa istu kaniis adi waahsusana asquul
3 ma-na URUDU da-a-sú ša a-bu-a ša iš-tù kà-ni-ìš a-dí wa-aḫ-šu-ša-na áš-qú-ul,"3 minas of copper, the fee for Abuwa for the stretch from Kanesh to Wahšušana, I paid.",phucthaiv02_oa_sentences.csv,3 mana urudu daasu sa abua sa istu kaniis adi waahsusana asquul
4 GÚ AN.NA ku-nu-ki ša A-šùr-i-mì-tí dIM-ba-ni ir-dí-a-ni,Adad-bªni conducted 4 talents of tin sealed by Aššur-imitt‰ here.,akkadian-translation.csv,4 gu anna kunuki sa asurimiti dimbani irdiani
4 GÚ AN.NA ku-nu-ki ša a-šùr-i-mì-tí (d)IM-ba-ni ir-dí-a-ni,"4 talents of sealed tin of Aššur-imittī, Adad-bāni brought to me.",phucthaiv02_oa_sentences.csv,4 gu anna kunuki sa asurimiti dimbani irdiani
5 GIN ina iserâtim im-ti,5 shekels decreased from the normal amount,akkadian-translation.csv,5 gin ina iseratim imti
5 gín ina išerâtim im-ṭí,5 shekels were missing from the normal accounts,akkadian-translation.csv,5 gin ina iseratim imti
50 ma-na URUDU ší-kam tám-kà-ri ú-ša-da?-an? ú-šé-ba-lam,he will make my merchant pay 50 minas of šikku-copper and send it to me.”,akkadian-translation.csv,50 mana urudu sikam tamkari usadaan usebalam
50 ma-na URUDU ší-kam tám-kà-ri ú-ša-da-an ú-šé-ba-lam,"he will make my merchant pay 50 minas of -copper and send it to me.""",phucthaiv02_oa_sentences.csv,50 mana urudu sikam tamkari usadaan usebalam
6 1/2 mane 2 siqlin kaspam sa-ru pcc-am i vé-er Dan-A-sùr Pu-šu-ki-in i-su,"6 1/2 minas 2 shekels of silver, refined, Pusu-ken has upon Dan-Assur.",akkadian-translation.csv,6 12 mane 2 siqlin kaspam saru pccam i veer danasur pusukiin isu
6 1/2 mane 2 siqlin kaspam sa-ru pcc-am i vé-er Dan-A-sùr Pu-su-ki-in i-su,Pūšu-kēn has a claim of 6 1/2 minas 2 shekels of refined silver against Dan-Aššur.,akkadian-translation.csv,6 12 mane 2 siqlin kaspam saru pccam i veer danasur pusukiin isu
a-bi a-ta be-lí a-ta lá ta-qá-bi um-ma a-ta-ma i-qi-in-im a-šu-mì ta-pá-i-šu-ú na-áš-<pè>-er-tám uš-té-bi-lam,"Please my father, my lord, do not think: ‘Out of jealousy he has sent me a letter about his partner!’",akkadian-translation.csv,abi ata beli ata la taqabi umma atama iqiinim asumi tapaisuu naaspeertam ustebilam
a-bi a-ta be-lí a-ta lá ta-qá-bi um-ma a-ta-ma i-qí-in-im a-šu-mì ta-pá-i-šu-ú na-áš-pè-er-tám uš-té-bi-lam,"Please my father, my lord, do not think: ""Out of jealousy he has sent me a letter about his partner!""",phucthaiv02_oa_sentences.csv,abi ata beli ata la taqabi umma atama iqiinim asumi tapaisuu naaspeertam ustebilam
a-bi lu sa-lim lu ba-li-it,May my father be well. May he live.,akkadian-translation.csv,abi lu salim lu baliit
[a]-bi lu ša-lim lu ba-[l]i-[it],May my father be well and healthy!,akkadian-translation.csv,abi lu salim lu baliit
a-bu-um ki-i šu-mi-su-ma,The father is like his name,akkadian-translation.csv,abuum kii sumisuma
a-bu-um ki-i šu-mi-šu-ma,the father is like his name,akkadian-translation.csv,abuum kii sumisuma
a-bu-um ki-i šu-mi-šu-ma,The father is like his name.,akkadian-translation.csv,abuum kii sumisuma
a-hi a-ta IGI A-šur a-kà-ra-ba-ku-um,"(Then) my dear brother, I will pray for you before Aššur.’",akkadian-translation.csv,ahi ata igi asur akarabakuum
a-hi a-ta IGI a-šur a-kà-ra-ba-ku-um,"My dear brother, I will pray for you before Aššur.",phucthaiv02_oa_sentences.csv,ahi ata igi asur akarabakuum
[a]-lu-um [dí-nam] [IGI GIš.KAK-en GAL-en] i-na ha-am-ri-im i-dì-in-ma,The City rendered [a verdict] in the holy precinct [(before the two great weapons)?]:,akkadian-translation.csv,aluum dinam igi giskaken galen ina haamriim idiinma
[a]-lu-um [di-nam] [IGI GIS.KAK-en GAL-en] i-na ha-am-ri-im i-di-in-ma,The City rendered [a verdict] in the holy precinct [(before the two great weapons)7]:,akkadian-translation.csv,aluum dinam igi giskaken galen ina haamriim idiinma
a-ma-a dam-qá-tù-šu ša Al-<pì>-lí ša i-na Té-ga-ra-ma ú-ta-mì-ú,"Really, this is the friendliness of AlpilÈ whom I made swear an oath in Tegarama",akkadian-translation.csv,amaa damqatusu sa alpili sa ina tegarama utamiu
a-ma-a dam-qá-tù-šu ša al-pì-lí ša i-na té-ga-ra-ma ú-ta-mì-ú,"Really, this is the friendliness of Alpilī whom I made swear an oath in Tegarama",phucthaiv02_oa_sentences.csv,amaa damqatusu sa alpili sa ina tegarama utamiu
[a]-ma-kam [A-mur]-Ištar i-na [Ébe-tim ṭ]ú-ur-da,Over there chase Amur-Ištar out of [the house].,akkadian-translation.csv,amakam amuristar ina ebetim tuurda
a-ma-kam a-mur-IŠTAR i-na É-be-tim ṭù-ur-da,Over there chase Amur-Istar out of [the house].,phucthaiv02_oa_sentences.csv,amakam amuristar ina ebetim tuurda
a-ma-kam iš-ti-kà li-sí (?),There he (?) may go out with you.,akkadian-translation.csv,amakam istika lisi
a-ma-kam iš-tí-kà li-sí,Let it be released there with you.,published_texts_sentences.csv,amakam istika lisi
a-na 8 ITU.KAM ša ší-[be-e] a-šé-a-kum,Within 8 months I will look for witnesses against you.,akkadian-translation.csv,ana 8 itukam sa sibee aseakum
a-na 8 ITU.KAM sa si-be-e a-se-a-kum,Within 8 months I will look for a witnessed statement against you.,akkadian-translation.csv,ana 8 itukam sa sibee aseakum
a-na a-lá-ak šu-dEN.LÍL i-ša-qal,He is to pay before šu-Illil arrives.,akkadian-translation.csv,ana alaak sudenlil isaqal
a-na a-lá-ak šu-(d)EN.LÍL i-ša-qal,He is to pay before Šu-Illil arrives.,phucthaiv02_oa_sentences.csv,ana alaak sudenlil isaqal
a-na A-lá-hi-im qí-bi-ma : um-ma Puzur4-A-šur,To Al-ahum from Puzur-Aššur,akkadian-translation.csv,ana alahiim qibima umma puzur4asur
a-na A-la-hi-im qi-bi-ma: um-ma Puzur4-A-sur,To Ali-ahum from Puzur-Assur:,akkadian-translation.csv,ana alahiim qibima umma puzur4asur
a-na A-lá-hi-im qí-bi-ma um-ma Puzúr-A-šur,To Al-ahum from Puzur-Aššur:,akkadian-translation.csv,ana alahiim qibima umma puzurasur
a-na a-lá-hi-im qí-bi-ma um-ma PÚZUR-a-šur,To Ali-ahum from Puzur-Aššur:,phucthaiv02_oa_sentences.csv,ana alahiim qibima umma puzurasur
a-na A-šur-DÙG qí-bí-ma,"To Aššur-ṭab,",akkadian-translation.csv,ana asurdug qibima
a-na A-šùr-DÙG qí-bi-ma,To Ashur-tab say:,akkadian-translation.csv,ana asurdug qibima
a-na A-šur-i-mì-tí qí-bi-ma,specifically to Aššur-imitt‰:,akkadian-translation.csv,ana asurimiti qibima
a-na a-šur-i-mì-tí qí-bi-ma,specifically to Aššur-imittġ:,phucthaiv02_oa_sentences.csv,ana asurimiti qibima
a-na a-wa-tim a-ni-a-tim kà-ru-um Ka-né-eš i-dí-ni-a-tí-ma IGI GÍR ša A-šur ší-bu-tí-ni ni-dí-in,"Upon these words, the kārum of Kaneš gave us (the verdict) and in the presence of the dagger of (the god) Ashur, we gave our testimony.",akkadian-translation.csv,ana awatim aniatim karuum kanees idiniatima igi gir sa asur sibutini nidiin
a-na a-wa-tim a-ni-a-tim kà-ru-um Kà-né-eš i-dí-ni-a-tí-ma IGI GÍR ša A-šur ší-bu-tí-ni ni-dí-in,The Kanesh colony gave us for these proceedings and we gave our testimony before Aššur’s dagger.,akkadian-translation.csv,ana awatim aniatim karuum kanees idiniatima igi gir sa asur sibutini nidiin
a-na a-wa-tim a-ni-a-tim kà-ru-um Kà-ni-eš TUR.GAL i-dí-na-ni IGI GÍR ša A-šur ší-bu-tí a-dí-in,For this affair the plenary karum Kanesh ‘gave’ me (as witness) and before Aššur's dagger I gave my testimony.,akkadian-translation.csv,ana awatim aniatim karuum kanies turgal idinani igi gir sa asur sibuti adiin
a-na a-wa-tim a-ni-a-tim kà-ru-um kà-ni-eš TUR.GAL i-dí-na-ni IGI GÍR ša a-šur ší-bu-tí a-dí-in,For this affair the plenary Kanesh 'gave' me (as witness) and before Aššur's dagger I gave my testimony.,phucthaiv02_oa_sentences.csv,ana awatim aniatim karuum kanies turgal idinani igi gir sa asur sibuti adiin
a-na a-wa-tim a-ni-a-tim kà-ru-um Kà-ni-iš i-dí-in-ni-a-tí-ma,The Kanesh Colony gave us for this dispute,akkadian-translation.csv,ana awatim aniatim karuum kaniis idiinniatima
a-na a-wa-tim a-ni-a-tim kà-ru-um kà-ni-iš i-dí-in-ni-a-tí-ma,"For these matters, the colony at Kanesh gave us permisssion and [we gave our witnesses before the dagger of Aššur.]",published_texts_sentences.csv,ana awatim aniatim karuum kaniis idiinniatima
a-na a-wa-tim a-ni-a-tim kà-ru-um Kà-ni-is i-dí-ni-a-tí-ma,"For these legal matters, the Karum Kanish has appointed us (as judges).",akkadian-translation.csv,ana awatim aniatim karuum kaniis idiniatima
a-na a-wa-tim a-ni-a-tim kà-ru-um Kà-ni-ìš i-dí-ni-a-tí-ma,The Kanesh colony gave us for this case,akkadian-translation.csv,ana awatim aniatim karuum kaniis idiniatima
a-na a-wa-tim a-ni-a-tim kà-ru-um Kà-ni-iš i-dí-ni-a-tí-ma IGI GÍR ša A-šur ni-dí-in,The Kanesh colony gave us for these proceedings and we gave (our testimony) before the dagger of Aššur.,akkadian-translation.csv,ana awatim aniatim karuum kaniis idiniatima igi gir sa asur nidiin
a-na a-wa-tim a-ni-a-tim kà-ru-um kà-ni-iš i-dí-ni-a-tí-ma IGI GÍR ša a-šur ni-dí-in,The Kanesh colony gave us (verdict) for these proceedings and we gave testimony before the dagger of Aššur.,phucthaiv02_oa_sentences.csv,ana awatim aniatim karuum kaniis idiniatima igi gir sa asur nidiin
a-na a-wa-tim a-ni-a-tim kà-ru-um Kà-ni-iš i-dí-ni-a-tí-ma IGI GÍR ša A-šur ší-bu-tí-ni ni-dí-in,"Regarding these matters, the karum of Kanesh gave us judgment and we gave our testimony in the presence of the dagger of Ashur.",akkadian-translation.csv,ana awatim aniatim karuum kaniis idiniatima igi gir sa asur sibutini nidiin
a-na a-wa-tim [a-ni-a-tim kà]-ru-um : Kà-ni-iš [i-dí-ni-a-tí-ma] : IGI GÍR ša A-šur [ší-bu-tí-ni] ni-dí-in,The Kanesh colony gave us for this case etc.,akkadian-translation.csv,ana awatim aniatim karuum kaniis idiniatima igi gir sa asur sibutini nidiin
a-na a-wa-tim a-ni-a-tim kà-ru-um Kà-ni-iš i-dí-ni-a-tí-ma ší-bu-tí-ni IGI [GÍR] ša A-šùr : ni-dí-i[n],The Kanesh colony gave us for this case and we gave our testimony before the dagger of Aššur.,akkadian-translation.csv,ana awatim aniatim karuum kaniis idiniatima sibutini igi gir sa asur nidiin
a-na a-wa-tim a-ni-a-tim kà-ru-um kà-ni-iš i-dí-ni-a-tí-ma ší-bu-tí-ni IGI GÍR ša a-šùr ni-dí-in,The Kanesh colony has given us for these proceedings and we gave our testimony before the dagger of Aššur.,phucthaiv02_oa_sentences.csv,ana awatim aniatim karuum kaniis idiniatima sibutini igi gir sa asur nidiin
a-na ba-áb DINGIR! šé-ru-dí-im a-zi-iz-ma Pu-šu-ki-in ú e-ba-ru-tí uš-ta-hi-du!-ni-ma ú-lá uš-té-ri-id-kà,I was ready to lead you to the Gate of the God but P¥šu-k®n and my friends kept warning me so I did not lead you there.,akkadian-translation.csv,ana baab dingir serudiim aziizma pusukiin u ebaruti ustahidunima ula usteriidka
a-na bā-áb DINGIR šé-ru-dí-im a-zi-iz-ma pu-šuki-in ú e-ba-ru-tí uš-ta-ḫi-du-ni-ma ú-lá uš-té-ri-id-kà,I was ready to lead you to the Gate of the God but Pūšu-kēn and my friends kept warning me so I did not lead you there.,phucthaiv02_oa_sentences.csv,ana baab dingir serudiim aziizma pusukiin u ebaruti ustahidunima ula usteriidka
a-na dMAR.TU-b[a-ni (...)] E-nu-um-Bé-lim LUGAL-dIM ù Pá-na-kà qí-bi-ma um-ma ša-lim-A-šùr-ma,"To Amurrum-bªni, (...), Ennam-B®lum, šar-Adad and Panaka from šalim-Aššur:",akkadian-translation.csv,ana dmartubani enuumbelim lugaldim u panaka qibima umma salimasurma
a-na (d)MAR.TU-ba-ni ... e-nu-um-bé-lim LUGAL-(d)IM ù pá-na-kà qí-bi-ma um-ma ša-lim-a-šùr-ma,"To Amurrum-bāni, (...), Ennam-Bēlum, Šar-Adad and Panaka, speak: thus says Šalim-Aššur.",phucthaiv02_oa_sentences.csv,ana dmartubani enuumbelim lugaldim u panaka qibima umma salimasurma
[a-]na DUMU Ha-šu-ú-ma-a[n] [š]u-uq-lá-ma,Pay ... to Haššu-uman’s son,akkadian-translation.csv,ana dumu hasuumaan suuqlama
[...] a-na DUMU ḩa-šu-ú-ma-an šu-uq-lá-ma,Pay [...] to Haššu-uman's son,phucthaiv02_oa_sentences.csv,ana dumu hasuumaan suuqlama
a-na En-na-<Sú>-in ú A-lá-hi-im qí-bi-ma um-ma MAN-A-šur-ma,To Enna-Suen and Al-ahum from Puzur-Aššur:,akkadian-translation.csv,ana ennasuin u alahiim qibima umma manasurma
a-na en-na-sú-in ú a-lá-ḫi-im qí-bi-ma um-ma MAN-a-šur-ma,To Enna-Suen and Ali-ahum from Puzur-Aššur:,phucthaiv02_oa_sentences.csv,ana ennasuin u alahiim qibima umma manasurma
a-na e-pé-si an-ni-i-im lu-u ti-de-e,Be well aware of the consequences of such a way of acting!,akkadian-translation.csv,ana epesi anniiim luu tidee
a-na e-pé-ši an-ni-i-im lu-Û ti-de-e,Pay close attention to the consequences of such a course of action!,akkadian-translation.csv,ana epesi anniiim luu tidee
a-na Ku-li-a A-šur-lá-ma-sí ù A-šur-lá-ma-sí-ma qí-bi-ma um-ma A-šur-e-mu-qí,"To Kuliya, Aššur-lamassÈ and Aššur-lamassÈ, thus says Aššur-emuqÈ.",akkadian-translation.csv,ana kulia asurlamasi u asurlamasima qibima umma asuremuqi
a-na ku-li-a a-šur-lā-ma-sí ù a-šur-lā-ma-sí-ma qí-bi-ma um-ma a-šur-e-mu-qí,"To Kuliya, Aššur-lamassī and Aššur-lamassī, thus says Aššur-emuqī.",phucthaiv02_oa_sentences.csv,ana kulia asurlamasi u asurlamasima qibima umma asuremuqi
a-na Kur-ub-Ištar I-ku-pì-a šu-Ištar A-dí-da ù A-mur-Ištar qí-bi-ma um-ma ša-lim-A-šùr-ma,"To Kurub-Ištar, Ik¥n-piya, šu-Ištar, Adida and Amur-Ištar from šalim-Aššur",akkadian-translation.csv,ana kurubistar ikupia suistar adida u amuristar qibima umma salimasurma
a-na kur-ub-IŠTAR i-ku-pì-a šu-IŠTAR a-d-í-da ù a-mur-IŠTAR qí-bi-ma um-ma ša-lim-a-šùr-ma,"To Kurub-Ištar, Ikūn-piya, Šu-Ištar, Adida and Amur-Ištar from Šalim-Aššur;",phucthaiv02_oa_sentences.csv,ana kurubistar ikupia suistar adida u amuristar qibima umma salimasurma
a-na Kur-ub-Ištar qí-bi-ma a-hi a-ta be-lí a-ta,specifically to Kurub-Ištar: My dear brother and lord,akkadian-translation.csv,ana kurubistar qibima ahi ata beli ata
a-na kur-ub-IŠTAR qí-bi-ma a-ḫi a-ta be-lí a-ta,"specifically to Kurub-Ištar: My dear brother and lord,",phucthaiv02_oa_sentences.csv,ana kurubistar qibima ahi ata beli ata
a-na Pì-lá-ah-Ištar qí-bi-ma,To Pilah-Ištar:,akkadian-translation.csv,ana pilaahistar qibima
a-na pì-lá-aḫ-IŠTAR qí-bi-ma,To Pilah-Ištar:,phucthaiv02_oa_sentences.csv,ana pilaahistar qibima
a-na ša ni-iš A-limki i-tù-a-ar,He is reopening a matter which has been sworn by the City.”,akkadian-translation.csv,ana sa niis alimki ituaar
a-na ša ni-iš a-lim(ki) i-tù-a-ar,He is reopening a matter that has been sworn by the City.,phucthaiv02_oa_sentences.csv,ana sa niis alimki ituaar
a-na ša-lim-A-šùr qí-bi-[ma] um-ma En-um-A-šur-ma,To šalim-Aššur from Ennam-Aššur:,akkadian-translation.csv,ana salimasur qibima umma enumasurma
a-na ša-lim-a-šùr qí-bi-ma um-ma en-um-a-šur-ma,To Šalim-Aššur from Ennam-Aššur:,phucthaiv02_oa_sentences.csv,ana salimasur qibima umma enumasurma
a-na ša-lim-A-šur qí-bi-ma um-ma ša-lim-A-šur-ma,To šalim-Aššur from šalim-Aššur:,akkadian-translation.csv,ana salimasur qibima umma salimasurma
a-na ša-lim-a-šur qí-bi-ma um-ma ša-lim-a-šur-ma,"To Šalim-Aššur, speak: thus Šalim-Aššur.",phucthaiv02_oa_sentences.csv,ana salimasur qibima umma salimasurma
a-na ša-pi-ri-ja qi-bi-ma,To my governor speak:,akkadian-translation.csv,ana sapirija qibima
a-na sa-pi-ri-ja qi-bi-ma,"To my lord, speak.",akkadian-translation.csv,ana sapirija qibima
a-na ší-bu-tí-a ú-lá té-i-li,you will not appear before court for my testimony,akkadian-translation.csv,ana sibutia ula teili
a-na si-bu-ti-a u-la te-i-li,You shall not appear for my testimony,akkadian-translation.csv,ana sibutia ula teili
a-na ši-mi-im GUSKIN i-za-az,There is gold available as means of payment,akkadian-translation.csv,ana simiim guskin izaaz
a-na si-mi-im GUSKIN i-za-az,gold is available as a means of payment,akkadian-translation.csv,ana simiim guskin izaaz
[a]-na su-lum a-bi-ia as-pu-ra-am,"I am writing for the well-being of my father,",akkadian-translation.csv,ana sulum abiia aspuraam
a-na su-lum a-bi-ia aš-pu-ra-am,I am writing for the well-being of my father.,akkadian-translation.csv,ana sulum abiia aspuraam
a-na su-ul-mi-ka as-pu-ra-am,I have written regarding your well-being.,akkadian-translation.csv,ana suulmika aspuraam
"[a-na ""su-ul-mi-ka aš-pu-ra-am]",I am writing to (inquire about) your well-being.,akkadian-translation.csv,ana suulmika aspuraam
a-na-kam A-ta-a-a a%-ba-at-ma um-ma a-na-ku-ma KÚ.BABBAR ša En-na-num ú-šé-bi4-lá-kà-ni KÚ.BABBAR dí-nam,I seized Atªya here and I said: “Give me the silver that Ennªnum sent to me (with) you.”,akkadian-translation.csv,anakam ataaa abaatma umma anakuma kubabbar sa ennanum usebi4lakani kubabbar dinam
a-na-kam A-ta-a-a a~-ba-at-ma um-ma a-na-ku-ma KU.BABBAR sa En-na-num u-se-bi4-la-ka-ni KU.BABBAR di-nam,"I seized Ataya here and said: ""The silver that Ennanum sent to me with you, give me that silver.""",akkadian-translation.csv,anakam ataaa abaatma umma anakuma kubabbar sa ennanum usebi4lakani kubabbar dinam
a-na-[kam me-er-ú] ša-lim-A-šùr i[m-hu-ru-ni-a-tí-]ma um-ma šu-nu-ma,Here the sons of šalim-Aššur confronted us and said:,akkadian-translation.csv,anakam meeru salimasur imhuruniatima umma sunuma
a-na-kam me-er-ú ša-lim-a-šùr im-ḫu-ru-ni-a-tí-ma um-ma šu-nu-ma,Here the sons of Šalim-Aššur confronted us and said:,phucthaiv02_oa_sentences.csv,anakam meeru salimasur imhuruniatima umma sunuma
a-na-/ku a-šé-e-kà ú-ul a-ta ta-šé-e-a-ni,"“It is I who am suing you, not you who are suing me.”",akkadian-translation.csv,anaku aseeka uul ata taseeani
a-na-ku a-šé-e-kà ú-ul a-ta ta-šé-e-a-ni,"""It is I who am suing you, not you who are suing me.""",phucthaiv02_oa_sentences.csv,anaku aseeka uul ata taseeani
a-ni-ša-am a-na na-pá-ší-im lá tù-ša-ra,don’t allow them to make trouble there!,akkadian-translation.csv,anisaam ana napasiim la tusara
a-ni-sa-am a-na na-pa-si-im la tù-sa-ra,Do not let (them) come here to complain.,akkadian-translation.csv,anisaam ana napasiim la tusara
AN.NA-ki ù TÚG.HI-tù-a iš-tù ILLAT-at DUMU A-ni-nim i-li-kà-ku-nu-tí,My tin and my textiles have come to you from the caravan of Anninum’s son.,akkadian-translation.csv,annaki u tughitua istu illatat dumu aninim ilikakunuti
AN.NA-ki ú TÚG.ḪI-tù-a iš-tù ILLAT-at DUMU a-ni-nim i-li-kà-ku-nu-tí,My tin and my textiles have come to you from the caravan of Anninum's son.,phucthaiv02_oa_sentences.csv,annaki u tughitua istu illatat dumu aninim ilikakunuti
a-pí-iš Ku-ku-ú-ma e-ra-ba-ni lu-šé-ri-ba-am,"and since Kuku is about to arrive, let him bring them in.",akkadian-translation.csv,apiis kukuuma erabani luseribaam
a-pí-iš ku-ku-ú-ma e-ra-ba-ni lu-šé-ri-ba-am,"Since Kukuwa is about to arrive, let him bring them in.",phucthaiv02_oa_sentences.csv,apiis kukuuma erabani luseribaam
a-pu-tum a-na a-wa-tim a-ni-a-tim lá ta-ša-lá-a,"Please, do not act superior in this matter!",akkadian-translation.csv,aputum ana awatim aniatim la tasalaa
a-pu-tum a-na a-wa-tim a-ni-a-tim lá ta-ša-lá-a#,"Urgent, do not act superior in this matter!",akkadian-translation.csv,aputum ana awatim aniatim la tasalaa
[a-p]u-tum šu-ma a-ma-kam a-tù-nu ša-tám iš-té-et sà-ah-ra-tù-nu,"Urgent, if you are delayed there for a single year",akkadian-translation.csv,aputum suma amakam atunu satam isteet saahratunu
a-pu-tum šu-ma a-ma-kam a-tù-nu ša-tám iš-té-et sà-aḫ-ra-tù-nu,Urgent: if you are delayed there for a single year.,phucthaiv02_oa_sentences.csv,aputum suma amakam atunu satam isteet saahratunu
a-šé-er DAM.GAR i-ra-dee,He will lead them to the merchant.,akkadian-translation.csv,aseer damgar iradee
a-šé-er DAM.GÀR i-ra-dee,He will conduct them to the merchant.,akkadian-translation.csv,aseer damgar iradee
aš-pu-ra-ak-ki-im-ma gi k i d ku-tu-um-mi û-ul tu-ša-bi-lim,"I have written to you, but you have not sent me the reed mats",akkadian-translation.csv,aspuraakkiimma gi k i d kutuummi uul tusabilim
"aš-pu-ra-ak-ki-im-ma gi k i d ku-tu-um-mi û-ul tu-""sa-bi-lim","I have written to you, but you have not sent me the reed mats.",akkadian-translation.csv,aspuraakkiimma gi k i d kutuummi uul tusabilim
as-pu-ra-kum um-ma a-na-ku-ma,I have written to you as follows:,akkadian-translation.csv,aspurakum umma anakuma
áš-pu-ra-kum um-ma a-na-ku-ma,"I wrote you, saying:",akkadian-translation.csv,aspurakum umma anakuma
as-sum gu4 sa aq-bi-a-kum a . sà-am ù-se-si-ma,"Concerning the ox about which I spoke to you, I have rented a field.",akkadian-translation.csv,assum gu4 sa aqbiakum a saam usesima
as-sum gu4 sa aq-bi-a-kum a . šà-am ù-se-si-ma,"Regarding the ox about which I spoke to you, I have rented a field.",akkadian-translation.csv,assum gu4 sa aqbiakum a saam usesima
as-sum te4 em é su-ul-mu-um,"Regarding the house, all is well.",akkadian-translation.csv,assum te4 em e suulmuum
[aš]-sum te4 em é su-ul-mu-um,"Regarding the matter of the house, there is well-being.",akkadian-translation.csv,assum te4 em e suulmuum
"as""-tap-ra-kum",Herewith I write to you.,akkadian-translation.csv,astaprakum
aš-tap-ra-kum,I have written you (about it)!,akkadian-translation.csv,astaprakum
A-sùr LUGAL,Assur is Lord.,akkadian-translation.csv,asur lugal
A-šùr LUGAL,Divine Aššur is King!,akkadian-translation.csv,asur lugal
a-ta la tí-de8-e ki-ma a-we-LAM a-ba-am lá-am-nu-ma a-na a-bi-šu kà-ša-dí-im i-lu-ku,do you not know that the man is hostile towards the father and will go to reach his father?,akkadian-translation.csv,ata la tide8e kima awelam abaam laamnuma ana abisu kasadiim iluku
a-ta la tí-de8-e ki-ma a-we-LAM a-ba-am lá-am-nu-ma a-na a-bi-/šu kà-ša-dí-im i-lu-ku,don’t you know that the man is hostile towards the father and will go to catch his father?,akkadian-translation.csv,ata la tide8e kima awelam abaam laamnuma ana abisu kasadiim iluku
a-wa-tí-šu-nu! ni-ig-mu-ur-ma,and we concluded their case,akkadian-translation.csv,awatisunu niigmuurma
a-wa-tí-šu-nu ni-ig-mu-ur-ma,We,published_texts_sentences.csv,awatisunu niigmuurma
bu-lu-ut zi-ga zabar ni-su mu-ka-an-ni-si-im sa iti 9-kam is-tu re-es iti a-ra-hi-im a-di iti li-li-a-tim ga-me-er-ma mu zi-im-ri-li-im gis-gu-za gal a-na dutu u-se-lu-ti,"ventilation of bronze expenditures, under the responsibility of Mukannisum, for 9 months, from the end of month i until month ix inclusive, year ZL 4'.",akkadian-translation.csv,buluut ziga zabar nisu mukaannisiim sa iti 9kam istu rees iti arahiim adi iti liliatim gameerma mu ziimriliim gisguza gal ana dutu useluti
bu-lu-ut zi-ga zabar ni-su mu-ka-an-ni-si-im sa iti 9-kam iš-tu re-es iti a-ra-hi-im a-di iti li-li-a-tim ga-me-er-ma mu zi-im-ri-li-im gis-gu-za gal a-na dutu û-se-lu-ti,"ventilation of bronze expenditures, under the responsibility of Mukannisum, covering 9 months, from the end of month I until month IX inclusive, year ZL 4'.",akkadian-translation.csv,buluut ziga zabar nisu mukaannisiim sa iti 9kam istu rees iti arahiim adi iti liliatim gameerma mu ziimriliim gisguza gal ana dutu useluti
"dšà-zi ue/eu/ue/ew/we le/ew""",May Shazi smash his head.,akkadian-translation.csv,dsazi ueeuueewwe leew
"dšà-zi ue/eu/ue/ew/we le/ew""""",May Shazi smash his head,akkadian-translation.csv,dsazi ueeuueewwe leew
É Áš-du ù wa-ar-kà-sà ša ša-lim-A-šùr,Ašdu’s house and its legacy belongs to šalim-Aššur.,akkadian-translation.csv,e asdu u waarkasa sa salimasur
É áš-du ù wa-ar-kà-sà ša ša-lim-a-šùr,Ašdu's house and its legacy (now) belongs to Šalim-Aššur.,phucthaiv02_oa_sentences.csv,e asdu u waarkasa sa salimasur
É šál-ma-A-šùr a-na a-wa-tim : né-ru-ub-ma um-ma šál-ma-A-šùr-ma,"We entered šalim-Aššur’s house to settle the case, and šalim-Aššur said:",akkadian-translation.csv,e salmaasur ana awatim neruubma umma salmaasurma
É šál-ma-a-šùr a-na a-wa-tim né-ru-ub-ma um-ma šál-ma-a-šùr-ma,"We entered Šalma-Aššur's house for legal proceedings, and Šalma-Aššur said:",phucthaiv02_oa_sentences.csv,e salmaasur ana awatim neruubma umma salmaasurma
e-lá-nu-kà [a-b]u-kà lá i-šu,since your father has nobody but you.,akkadian-translation.csv,elanuka abuka la isu
e-lá-nu-kà a-bu-kà lá i-šu,since your father has nobody but you.,phucthaiv02_oa_sentences.csv,elanuka abuka la isu
En-um-A-š[ùr] ù A-lu-wa : lu-uk-ta-i-[nu-šu],Let Ennam-Aššur and Aluwa confirm (it to) him.,akkadian-translation.csv,enumasur u aluwa luuktainusu
en-um-a-šùr ù a-lu-wa lu-uk-ta-i-nu-šu,Let Ennam-Aššur and Aluwa confirm (it to) him.,phucthaiv02_oa_sentences.csv,enumasur u aluwa luuktainusu
I-dí-Sú-in ki-ma a-ha-tí-šu a-hi-šu ù a-ha-at a-bi-šu I-dí-Sú-in it-ma,"Iddin-Suen swore on behalf of his sister, his brother and his father’s brother.",akkadian-translation.csv,idisuin kima ahatisu ahisu u ahaat abisu idisuin itma
i-dí-sú-in ki-ma a-ḫa-tí-šu a-ḫi-šu ù a-ḫa-at a-bi-šu i-dí-sú-in it-ma,"Iddin-Suen swore on behalf of his sister, his brother and his father's sister.",phucthaiv02_oa_sentences.csv,idisuin kima ahatisu ahisu u ahaat abisu idisuin itma
IGI A-šùr-ba-ni DUMU Kur-bi-a-a IGI Iš-me-DINGIR IGI I-dí-Ku-bi-im,"Witnessed by Aššur-bªni son of Kurbiya, by Išme-ilum, by Iddin-K¥bum.",akkadian-translation.csv,igi asurbani dumu kurbiaa igi ismedingir igi idikubiim
IGI a-šùr-ba-ni DUMU kur-bi-a-a IGI iš-me-DINGIR IGI i-dí-ku-bi-im,"Witnessed by Aššur-bāni son of Kurbiya, by Išme-ilum, by Iddin-Kūbum.",phucthaiv02_oa_sentences.csv,igi asurbani dumu kurbiaa igi ismedingir igi idikubiim
IGI A-šùr-i-mì-tí DUMU Du-dí-ki IGI Tù-ur-a-a DUMU Ú-zu-a IGI En-na-Sú-in DUMU I-dí-a-bi-im,"Witnessed by Aššur-imitt‰ son of Dudiki, by T¥raya son of Uzuwa, by Enna-Suen son of Iddin-abum.",akkadian-translation.csv,igi asurimiti dumu dudiki igi tuuraa dumu uzua igi ennasuin dumu idiabiim
IGI a-šur-i-mì-tí DUMU du-dí-ki IGI tù-ur-a-a DUMU ú-zu-a IGI en-na-sú-in DUMU i-dí-a-bi-im,"Witnessed by Aššur-imittī son of Dudiki, by Tūraya son of Uzuwa, by Enna-Suen son of Iddin-abum.",phucthaiv02_oa_sentences.csv,igi asurimiti dumu dudiki igi tuuraa dumu uzua igi ennasuin dumu idiabiim
IGI A-šùr-i-mì-tí DUMU Du-dí-ki IGI Tù-ur-A-šùr DUMU Ú-zu-a IGI En-na-Sú-in,"Witnessed by Aššur-imitt‰ son of Dudiki, by T¥r-Aššur son of Uzuwa, by Enna-Suen.",akkadian-translation.csv,igi asurimiti dumu dudiki igi tuurasur dumu uzua igi ennasuin
IGI a-šùr-i-mì-tí DUMU du-dí-ki IGI tù-ur-a-šùr DUMU ú-zu-a IGI en-na-sú-in,"Witnessed by Aššur-imittī son of Dudiki, by Tūr-Aššur son of Uzuwa, by Enna-Suen.",phucthaiv02_oa_sentences.csv,igi asurimiti dumu dudiki igi tuurasur dumu uzua igi ennasuin
IGI A-šùr-ma-lik DUMU A-lá-hi-im IGI A-šùr-i-mì-tí DUMU I-ku-pí-Ištar IGI En-na-Sú-in DUMU šu-Ištar,"Witnessed by Aššur-malik son of Alinahum, by Aššur-imitt‰ son of Ik¥n-p‰-Ištar, by Enna-Suen son of šu-Ištar.",akkadian-translation.csv,igi asurmalik dumu alahiim igi asurimiti dumu ikupiistar igi ennasuin dumu suistar
IGI a-šùr-ma-lik DUMU a-lá-ḫi-im IGI a-šùr-i-mì-tí DUMU i-ku-pí-IŠTAR IGI en-na-sú-in DUMU šu-IŠTAR,"Witnessed by Aššur-malik son of Ali-ahum, by Aššur-imittī son of Ikūn-pī-Ištar, by Enna-Suen son of Šu-Ištar.",phucthaiv02_oa_sentences.csv,igi asurmalik dumu alahiim igi asurimiti dumu ikupiistar igi ennasuin dumu suistar
IGI A-ta-ta IGI A-šùr-ma-lik IGI En-na-nim,"Witnessed by Atata, by Aššur-malik, by Ennªnum.",akkadian-translation.csv,igi atata igi asurmalik igi ennanim
IGI a-ta-ta IGI a-šùr-ma-lik IGI en-na-nim,"Before Atata, before Aššur-malik, before Ennānum.",phucthaiv02_oa_sentences.csv,igi atata igi asurmalik igi ennanim
IGI dMAR.TU-ba-ni DUMU Ma-na-na IGI A-šùr-i-dí DUMU Mu-mu-lá-nim IGI šu-Ku-bi-im DUMU A-šùr-i-dí IGI šu-ma-li-ba-A-šùr DUMU Ku-us-ku-sí-im,"Witnessed by Amurrum-bªni son of Ma-nana, by Aššur-id‰ son of Mumulªnum, by šu-K¥bum son of Aššur-id‰, by šumma-libba-Aššur son of Kuskusum.",akkadian-translation.csv,igi dmartubani dumu manana igi asuridi dumu mumulanim igi sukubiim dumu asuridi igi sumalibaasur dumu kuuskusiim
IGI (d)MAR.TU-ba-ni DUMU ma-na-na IGI a-šùr-i-dí DUMU mu-mu-lá-nim IGI šu-ku-bi-im DUMU a-šùr-i-dí IGI šu-ma-li-ba-a-šùr DUMU ku-us-ku-sí-im,"Witnessed by Amurrum-bāni son of Manana, by Aššur-idī son of Mumulānum, by Šu-Kūbum son of Aššur-idī, by Šumma-libba-Aššur son of Kuskusum.",phucthaiv02_oa_sentences.csv,igi dmartubani dumu manana igi asuridi dumu mumulanim igi sukubiim dumu asuridi igi sumalibaasur dumu kuuskusiim
IGI E-nu-um-We-er DUMU šu-da-a IGI I-lá-áš-ra-ni DUMU Sú-kà-li-a IGI En-na-Sú-in DUMU I-dí-a-bi-im IGI DUMU A-bu-bu ta-ar-dí-im,"Witnessed by Ennam-W®r son of šudaya, by Il-ašrann‰ son of Sukalliya, by Enna-Suen son of Iddin-abum, by Ab¥bu’s younger son.",akkadian-translation.csv,igi enuumweer dumu sudaa igi ilaasrani dumu sukalia igi ennasuin dumu idiabiim igi dumu abubu taardiim
IGI e-nu-um-we-er DUMU šu-da-a IGI i-lá-áš-ra-ni DUMU sú-kà-li-a IGI en-na-sú-in DUMU i-dí-a-bi-im IGI DUMU a-bu-bu ta-ar-dí-im,"Witnessed by Ennam-Wēr son of Šudaya, by Il-ašrannī son of Sukalliya, by Enna-Suen son of Iddin-abum, by Abūbu's younger son.",phucthaiv02_oa_sentences.csv,igi enuumweer dumu sudaa igi ilaasrani dumu sukalia igi ennasuin dumu idiabiim igi dumu abubu taardiim
IGI GÍR ša A-šùr ší-bu-tí a-dí-in,We gave our testimony before the dagger of (the god) Ashur.,akkadian-translation.csv,igi gir sa asur sibuti adiin
IGI GÍR ša A-šur ší-bu-tí a-dí-in,and before Aššur's dagger I gave my testimony.,akkadian-translation.csv,igi gir sa asur sibuti adiin
IGI GÍR ša A-šur ší-bu-tí-ni nì-dí-in,We gave the document regarding our testimony in the presence of the dagger of the god Ashur.,akkadian-translation.csv,igi gir sa asur sibutini nidiin
IGI GÍR ša A-šùr ší-bu-tí-ni ni-dí-in,and we gave our testimony before the dagger of Aššur.,akkadian-translation.csv,igi gir sa asur sibutini nidiin
IGI Ha-nu-nu šu-Ištar ù A-šur-ma-lik a-wa-tí-ší-na ag-mu-ur-ma,"I have concluded their matter with Hanunu, šu-Ištar and Aššur-malik as witnesses",akkadian-translation.csv,igi hanunu suistar u asurmalik awatisina agmuurma
IGI ḩa-nu-nu šu-IŠTAR ù a-šur-ma-lik a-wa-tí-ší-na ag-mu-ur-ma,"I have concluded their matter with Hanunu, Šu-Ištar and Aššur-malik as witnesses,",phucthaiv02_oa_sentences.csv,igi hanunu suistar u asurmalik awatisina agmuurma
IGI Ku-zi-zi-a IGI En-um-A-šùr DUMU Ba-ba-a,"Witnessed by Kuziziya, by Ennam-Aššur son of Babaya.",akkadian-translation.csv,igi kuzizia igi enumasur dumu babaa
IGI ku-zi-zi-a IGI en-um-a-šùr DUMU ba-ba-a,"Witnessed by Kuziziya, by Ennam-Aššur son of Babaya.",phucthaiv02_oa_sentences.csv,igi kuzizia igi enumasur dumu babaa
IGI MAR.TU-/ba-ni IGI Pu-šu-ki-in,"Witnessed by Amurrum-bªni, by P¥šu-k®n.",akkadian-translation.csv,igi martubani igi pusukiin
IGI MAR.TU-ba-ni IGI pu-šu-ki-in,"Witnessed by Amurrum-bāni, by Pūšu-kēn.",phucthaiv02_oa_sentences.csv,igi martubani igi pusukiin
IGI Puzur4-A-sur IGI En-na-nim,"Before Puzur-Assur, before Ennanum.",akkadian-translation.csv,igi puzur4asur igi ennanim
IGI Pu<zur4>-A-šur IGI En-na-nim,"Witnessed by Puzur-Aššur, by Ennªnum.",akkadian-translation.csv,igi puzur4asur igi ennanim
ih-da-ma A-lam mu-ùh-ra-ma ma-lá ik-ri-bu ša A-šùr lá i-ha-li-qú-ni ep-ša-ma,Take care to confront the City and act so that the votive offerings for Aššur are not lost,akkadian-translation.csv,ihdama alam muuhrama mala ikribu sa asur la ihaliquni epsama
ih-da-ma a-lam mu-ùh-ra-ma ma-lá ik-ri-bu ša a-šùr lá i-ha-li-qú-ni ep-ša-ma,Take care to confront the City and act so that the votive offerings for Aššur are not lost;,phucthaiv02_oa_sentences.csv,ihdama alam muuhrama mala ikribu sa asur la ihaliquni epsama
i-lâ-am e-ri-is-ma a-na i-li-im is-ku-un-su-nu-ma,He requested a container and then he placed them into the container.,akkadian-translation.csv,ilaam eriisma ana iliim iskuunsunuma
i-lá-am e-ri-iš-ma a-na i-li-im iš-ku-un-šu-nu-ma,He asked for a container and he put them in the container;,akkadian-translation.csv,ilaam eriisma ana iliim iskuunsunuma
i-lá-am e-ri-iš-ma a-na i-li-im iš-ku-un-šu-nu-ma ú Sú-e-a ik-nu-uk-ma i-la-am uš-té-ri-bu,He asked for a container and he put them in the container; Sueyya sealed (it) and they brought in the container (š®rubum).,akkadian-translation.csv,ilaam eriisma ana iliim iskuunsunuma u suea iknuukma ilaam usteribu
i-la-am e-ri-is-ma a-na i-li-im is-ku-un-su-nu-ma u Su-e-a ik-nu-uk-ma i-la-am us-te-ri-bu,He asked for a container and he put them in the container; Sueyya sealed (it) and they brought the container into the house.,akkadian-translation.csv,ilaam eriisma ana iliim iskuunsunuma u suea iknuukma ilaam usteribu
i-na ha-ra-nim ni-mì-hi-ir-ma um-ma a-na-ku-ma KÙ.BABBAR ša a-dí-na-ku-ni dí-nam,"We then met on the road, and I said: ‘give me the money that I gave you’",akkadian-translation.csv,ina haranim nimihiirma umma anakuma kubabbar sa adinakuni dinam
i-na ha-ra-nim ni-mì-hi-ir-ma um-ma a-na-ku-ma KÚ.BABBAR ša a-dí-na-ku-ni dí-nam,"We met on the road, and I said: “Give me the silver I gave to you.”",akkadian-translation.csv,ina haranim nimihiirma umma anakuma kubabbar sa adinakuni dinam
i-na lu-qú-tim a-ni-tim : qá-tí : ša-zu-za-at a-bi-ni i-ta-dí-nu : ni-a-tí-ma,A claim to these goods has been made by our father's agents.,akkadian-translation.csv,ina luqutim anitim qati sazuzaat abini itadinu niatima
i-na lu-qú-tim a-ni-tim qá-tí ša-zu-za-at a-bi-ni i-ta-dí-nu ni-a-tí-ma,A claim to these goods has been made against us by our father's agents.,phucthaiv02_oa_sentences.csv,ina luqutim anitim qati sazuzaat abini itadinu niatima
i-na ri-is SIG.HI.A sa i-sa-qu-lu-su-ni 6 2/3 ma-na KB li-ti SIG5 I-li-dan DUMU I-di-A-sur a-na En-um-A-sur i-sa-qal,From the capital on the wool that they are going to pay Ili-dan shall give 6 2/3 mi-nas of good litu-silver to Ennam-Assur.,akkadian-translation.csv,ina riis sighia sa isaqulusuni 6 23 mana kb liti sig5 ilidan dumu idiasur ana enumasur isaqal
i-na ri-iš SÍG.HI.A ša i-ša-qú-lu-šu-ni 6 2/3 ma-na KB li-tí SIG5 Ì-lí-dan DUMU I-dí-A-šur a-na En-um-A-šur i-ša-qal,From the capital on the wool that they are going to pay Il‰-dan shall give 6 2/3 minas of good litu-silver to Ennam-Aššur.,akkadian-translation.csv,ina riis sighia sa isaqulusuni 6 23 mana kb liti sig5 ilidan dumu idiasur ana enumasur isaqal
i-na Tù-úh-pì-a a-dí-ší-im …,I gave her in Tuhpiya …,akkadian-translation.csv,ina tuuhpia adisiim
i-na Tù-úh-pì-a a-dí-ší-im,I gave her in Tuhpiya.,akkadian-translation.csv,ina tuuhpia adisiim
i-na Wa-áš-ha-ni-a 6 1/2 GÍN AN.NA ni-is-ha-tim e-kál-lam! il5-qé,In Wašhaniya the palace took 6 1/2 shekels of tin as nishātum-tax.,akkadian-translation.csv,ina waashania 6 12 gin anna niishatim ekallam il5qe
i-na Wa-áš-ha-ni-a 6 1/2 GÍN AN.NA ni-is-ha-tim e-kál-LAM il5-qé,in Wašhaniya; the palace took 6 1/2 shekels of tin as import duty,akkadian-translation.csv,ina waashania 6 12 gin anna niishatim ekallam il5qe
iš-tí A-ba-ba ta-ma-ku,I have been sworn together with Ababa.,akkadian-translation.csv,isti ababa tamaku
iš-tí a-ba-ba ta-ma-ku,I have sworn together with Ababa.,phucthaiv02_oa_sentences.csv,isti ababa tamaku
[i]š-tí KÙ.B. uk-ta-al,he is held by the silver.,akkadian-translation.csv,isti kub uktaal
iš-tí KÙ.B uk-ta-al,He is held personally liable with the silver.,akkadian-translation.csv,isti kub uktaal
iš-tù ha-mu-uš-tim ša Kar-ri-a a-na 36 ha-am-ša-tim i-ša-qal,Reckoned from the week of Karriya he must pay in 36 weeks.,akkadian-translation.csv,istu hamuustim sa karria ana 36 haamsatim isaqal
iš-tù ḫa-mu-uš-tim ša kàr-ri-a a-na 36 ḫa-am-ša-tim i-ša-qal,"He will pay in 36 weeks, starting from the week-eponymy of Karriya.",phucthaiv02_oa_sentences.csv,istu hamuustim sa karria ana 36 haamsatim isaqal
iš-tù ha-mu-uš-tim ša Li-ba-a a-na 13 ha-am-ša-tim i-ša-qál,Reckoned from the week of Libbaya he must pay in 13 weeks.,akkadian-translation.csv,istu hamuustim sa libaa ana 13 haamsatim isaqal
iš-tù ḫa-mu-uš-tim ša li-ba-a a-na 13 ḫa-am-ša-tim i-ša-qal,Reckoned from the week of Libbaya he must pay in 13 weeks.,phucthaiv02_oa_sentences.csv,istu hamuustim sa libaa ana 13 haamsatim isaqal
is-tù SAG ku-st-im sa LUGAL-ki-in UGULA bé-li-ni,"From the beginning of the reign of Sargon, the overseer, our lord.",akkadian-translation.csv,istu sag kustim sa lugalkiin ugula belini
[i]š-tù SAG ku-st-im sa LUGAL-ki-in UGULA bé-li-ni,"From the beginning of the reign of Sargon, our lord Overseer.",akkadian-translation.csv,istu sag kustim sa lugalkiin ugula belini
ITI.KAM Ku-zal-li li-mu-um A-sur-i-di,"In the month Kuzallu, eponymy of Assur-iddin.",akkadian-translation.csv,itikam kuzalli limuum asuridi
[ITI.KA]M Ku-zal-li : li-mu-um [A-šur-]i-dí,"Month Kuzallu, eponymy Aššur-id‰.",akkadian-translation.csv,itikam kuzalli limuum asuridi
i-zi-iz i-na GÍR ša A-šur ta-am-a-am,"Stand up, swear to me by the dagger of divine Aššur:",akkadian-translation.csv,iziiz ina gir sa asur taamaam
i-zi-iz i-na gir ša A-sur ta-am-a-am,Present yourself and swear by the dagger of Ashur!,akkadian-translation.csv,iziiz ina gir sa asur taamaam
kà-ru-um : e-mu-uq-šu,The colony is his executive power.,akkadian-translation.csv,karuum emuuqsu
kà-ru-um e-mu-uq-šu,The colony is his authority.,published_texts_sentences.csv,karuum emuuqsu
ki-ma a-wi-lu-tí-kà e-pu-uš-ma,act according to your gentlemanly manner,akkadian-translation.csv,kima awilutika epuusma
ki-ma a-wi-lu-ti-kà e-pu-uš-ma,Act according to your gentlemanly manner,akkadian-translation.csv,kima awilutika epuusma
ki-ma lá-am-ni-iš e-ta-na-pu-šu iš-tù Na-ah-ri-a tí-i-ir-tí A-šur-ma-lik DUMU šu-Ištar i-li-kam,Since he keeps behaving in an evil manner a message from Aššur-malik son of šu-Ištar came from Nahriya.,akkadian-translation.csv,kima laamniis etanapusu istu naahria tiiirti asurmalik dumu suistar ilikam
ki-ma lá-am-ni-iš e-ta-na-pu-šu iš-tù na-ah-ri-a tí-i-ir-tí a-šur-ma-lik DUMU šu-IŠTAR i-li-kam,"Since he keeps behaving in an evil manner, a message from Aššur-malik son of Šu-Ištar came from Nahriya.",phucthaiv02_oa_sentences.csv,kima laamniis etanapusu istu naahria tiiirti asurmalik dumu suistar ilikam
ki-ma me-er-e šál-ma-A-šur a-na qá-ta-tim a-da-ku-nu,Representing the sons of šalim-Aššur I hand you over to guarantors.,akkadian-translation.csv,kima meere salmaasur ana qatatim adakunu
ki-ma me-er-e šál-ma-a-šur a-na qá-ta-tim a-da-ku-nu,Representing the sons of Šalim-Aššur I hand you over to guarantors.,phucthaiv02_oa_sentences.csv,kima meere salmaasur ana qatatim adakunu
ki-ma šu-A-num DUMU I-na-Sú-en6 i-du-ki-ni,because šu-Anum son of Enna-Suen has 'treated me badly' (lit. killed me),akkadian-translation.csv,kima suanum dumu inasuen6 idukini
ki-ma Su-A-num DUMU I-na-Su-en6 i-du-ki-ni,because Su-Anum son of Enna-Suen has treated me badly (lit. killed me),akkadian-translation.csv,kima suanum dumu inasuen6 idukini
KIšIB A-šur-e-mu-qí KIšIB En-nam-A-šùr DUMU Me-na-a KIšIB I-dí-a-bi-im,"Seal of Aššur-em¥q‰, seal of Ennam-Aššur son of Menaya, seal of Iddin-abum.",akkadian-translation.csv,kisib asuremuqi kisib ennamasur dumu menaa kisib idiabiim
KIŠIB a-šur-e-mu-qí KIŠIB en-nam-a-šùr DUMU me-na-a KIŠIB i-dí-a-bi-im,"Seal of Aššur-emūqī, seal of Ennam-Aššur s. of Menaya, seal of Iddin-abum.",phucthaiv02_oa_sentences.csv,kisib asuremuqi kisib ennamasur dumu menaa kisib idiabiim
KÙ.B. i-qá-qá-ad šál-mì-šu-[nu ú] ke-ni-šu-nu ra-ki-is,Who of them is financially sound and available is liable for the silver.,akkadian-translation.csv,kub iqaqaad salmisunu u kenisunu rakiis
KÙ.B i-qá-qá-ad šál-mì-šu-nu ù ke-ni-šu-/nu ra-ki-is,The silver is bound to the head of their solvent and reliable ones.,akkadian-translation.csv,kub iqaqaad salmisunu u kenisunu rakiis
KÙ.B. ša-áš-qí-lá,"Make people pay the silver,",akkadian-translation.csv,kub saasqila
KÙ.B sa-as-qi-la,Make (them) pay the silver.,akkadian-translation.csv,kub saasqila
KÙ.B. ša-áš-qí-lá-šu-ma war-kà-tám li-li-kam-ma iš-tí-ni li-iz-ku,still make him pay the silver and let him come here afterwards in order to clear accounts with us.,akkadian-translation.csv,kub saasqilasuma warkatam lilikamma istini liizku
KÙ.B sa-as-qi-la-su-ma war-kà-tam li-li-kam-ma is-ti-ni li-iz-ku,you must make him pay the silver. Let him come here later and settle accounts with us.,akkadian-translation.csv,kub saasqilasuma warkatam lilikamma istini liizku
lá li-bi DINGIR-ma ša-tám iš-té-et sú-ku-ur-tum i-ší-ki-in-ma qá-dí-ma DUMU A-šùr šu-um-šu ú né-nu ni-tám-sà-ar,"Alas, there has been blockade (lasting) an entire year, and all Assyrians, including us, have been detained",akkadian-translation.csv,la libi dingirma satam isteet sukuurtum isikiinma qadima dumu asur suumsu u nenu nitamsaar
lá li-bi DINGIR-ma : ša-tám iš-té-et : sú-ku-ur-tum i-ší-ki-in-ma : qá-dí-ma DUMU A-šùr : šu-um-šu : ú né-nu ni-tám-sà-ar.,a blockade had been imposed on all ‘Assyrians’ and that they were withheld at their location in Anatolia.,akkadian-translation.csv,la libi dingirma satam isteet sukuurtum isikiinma qadima dumu asur suumsu u nenu nitamsaar
lá ri-ig-ma[-tum] [ší-bu-tum],This is not a complaint but a testimony.,akkadian-translation.csv,la riigmatum sibutum
lá ri-ig-ma-tum ší-bu-tum,"This is not a formal court case, it is a statement before witnesses.",akkadian-translation.csv,la riigmatum sibutum
lá ša ú-ší-ru : ù lá ša ú-ta-e-ru i-ša-ri-iq-šum,It shall be taken away by force (from) the one who does not release or return.,akkadian-translation.csv,la sa usiru u la sa utaeru isariiqsum
lá ša ú-ší-ru ù lá ša ú-ta-e-ru i-ša-ri-iq-šum,He will have stolen from him whatever he does not release or return.,published_texts_sentences.csv,la sa usiru u la sa utaeru isariiqsum
lá ta-ša-lá-aṭ,"Do not act highhandedly,",akkadian-translation.csv,la tasalaat
la ta-ša-lá-at,Do not act rashly.,akkadian-translation.csv,la tasalaat
lá ta-ša-lá-aṭ,Do not act highhandedly.,phucthaiv02_oa_sentences.csv,la tasalaat
La-qé-pu-um i-na lá i-dim i-šé-a-ni,Lª-q®pum sues me without reason,akkadian-translation.csv,laqepuum ina la idim iseani
la-qé-pu-um i-na lá i-dim i-šé-a-ni,Lā-qēpum sues me without reason.,phucthaiv02_oa_sentences.csv,laqepuum ina la idim iseani
Li-ba-a a%-ba-at-ma um-ma a-na-ku-ma a-bar-ni-am ša I-ku-pí-a i-na Za-al-pá e-zi-ba-ku-ni a-na ma-nim té-zi-ib,"I seized Libbªya and I said, ""To whom did you leave the abarnium-textile which Ik¥n-p‰ya left you in Zalpa?""",akkadian-translation.csv,libaa abaatma umma anakuma abarniam sa ikupia ina zaalpa ezibakuni ana manim teziib
Li-ba-a a~-ba-at-ma um-ma a-na-ku-ma a-bar-ni-am sa I-ku-pi-a i-na Za-al-pa e-zi-ba-ku-ni a-na ma-nim te-zi-ib,"I seized Libbaya and I said, ""To whom did you leave the abarniu-textile, which Ikiin-pTya left with you in Zalpa?""",akkadian-translation.csv,libaa abaatma umma anakuma abarniam sa ikupia ina zaalpa ezibakuni ana manim teziib
[li]-mu-um DINGIR-šu-GAL DUMU Ba-zi-a,The eponymy of Ilšu-rabi son of Baziya.,akkadian-translation.csv,limuum dingirsugal dumu bazia
li-mu-um DINGIR-šu-GAL DUMU ba-zi-a,The eponym is Ilšu-rabi son of Baziya.,phucthaiv02_oa_sentences.csv,limuum dingirsugal dumu bazia
me-he-er ṭup-pì-ni a-na kà-ar kà-ar-ma ú wa-bar-ra-tim šé-bi4-lá,Send a copy of (this) letter of ours to every single colony and to all the trading stations.,akkadian-translation.csv,meheer tuppini ana kaar kaarma u wabarratim sebi4la
me-he-er tup-pi-ni a-na kà-ar kà-ar-ma u wa-bar-ra-tim se-bi4-la,Send a copy of our tablet to each and every colony and station.,akkadian-translation.csv,meheer tuppini ana kaar kaarma u wabarratim sebi4la
mì-ma a-nim : a-dí a-wa-tim ša É a-bi-ni kà-ša-dim ú-ga-me-er,All this I have paid in order to conclude the matter of our father's house.,akkadian-translation.csv,mima anim adi awatim sa e abini kasadim ugameer
mì-ma a-nim a-dí a-wa-tim ša É a-bi-ni kà-šá-dim ú-ga-me-er,All this I have paid in order to conclude the matter of our father's house.,phucthaiv02_oa_sentences.csv,mima anim adi awatim sa e abini kasadim ugameer
mì-ma a-nim i-na Du-ur-hu-mì-it i-ba-ší,all this is available in Durhumit.,akkadian-translation.csv,mima anim ina duurhumiit ibasi
mì-ma a-nim i-na du-ur-ḫu-mì-it i-ba-ší,All this is available in Durhumit.,phucthaiv02_oa_sentences.csv,mima anim ina duurhumiit ibasi
mì-ma a-nim ša-al-ti,All this constitutes my saltum,akkadian-translation.csv,mima anim saalti
mì-ma a-nim ša-al-ṭí,- all this is my available capital.,phucthaiv02_oa_sentences.csv,mima anim saalti
mì-šu me-tum mì-šu pá-ru-um,Why the death and defile?,akkadian-translation.csv,misu metum misu paruum
mi-su me-tum mi-su pa-ru-um,Why the death and insult?,akkadian-translation.csv,misu metum misu paruum
mì-šu ša áš-ta-na-me-ú-ma a-wa-at a-hi-ú-tim ta-áš-ta-na-me-ú,Why is it that I keep hearing that you always listen to what strangers say?,akkadian-translation.csv,misu sa astanameuma awaat ahiutim taastanameu
mì-šu ša áš-ta-na-me-ú-ma a-wa-at a-ḫi-ú-tim ta-áš-ta-na-me-ú,Why is it that I keep hearing that you always listen to what strangers say?,phucthaiv02_oa_sentences.csv,misu sa astanameuma awaat ahiutim taastanameu
mì-[šu ša] tám-kà-ru a-bi-ni s[í-k]i-ni ú-kà-lu,Why is it that our father's customers detain us?,akkadian-translation.csv,misu sa tamkaru abini sikini ukalu
mì-šu ša tám-kà-ru a-bi-ni sí-ki-ni ú-kà-lu,Why is it that our father's merchants detain us?,phucthaiv02_oa_sentences.csv,misu sa tamkaru abini sikini ukalu
na-as-pè-er-ta-kà sa-ma-am la i-mu-a,(but) he refuses to hear your message.,akkadian-translation.csv,naaspeertaka samaam la imua
na-áš-pè-er-ta-k[à ...] ša-ma-am : lá i-mu-a,He refuses to hear your missive [...],akkadian-translation.csv,naaspeertaka samaam la imua
na-áš-pé-er-tám ša [um-me-a-ni] IGI a-ni-ú-tim : ší-me-ma : a-[na me-er-e] ša-lim-A-šur : lá ta-tù-a[r ...],"listen to the missive from the investors before these witnesses, and do not raise claim against šalim-Aššur's sons.",akkadian-translation.csv,naaspeertam sa ummeani igi aniutim simema ana meere salimasur la tatuar
na-áš-pé-er-tám ša um-me-a-ni IGI a-ni-ú-tim ší-me-ma a-na me-er-e ša-lim-a-šur lá ta-tù-ar,"Listen to the missive from the investors before these witnesses, and do not raise claim against Šalim-Aššur's sons.",phucthaiv02_oa_sentences.csv,naaspeertam sa ummeani igi aniutim simema ana meere salimasur la tatuar
ni-di a-hi la ta-ra-as-Si,do not be slow!,akkadian-translation.csv,nidi ahi la taraassi
ni-di a-hi la ta-ra-as-ši,You shall not show yourself negligent.,akkadian-translation.csv,nidi ahi la taraassi
ni-ip-lá-ah-ma E-na-na-tum ú a-na-ku hu-ur-šam ni-ip-té-e-ma i-na ta-ma-lá-ki-kà ṭup-pá-am ša ku-nu-ki-šu nu-šé-li-ma ni-dí-šu-um,"Since we became afraid, Ennanatum and I myself, we opened the storeroom and took out of your tablet coffer the tablet with his seal, which we gave him.",akkadian-translation.csv,niiplaahma enanatum u anaku huursam niipteema ina tamalakika tuppaam sa kunukisu nuselima nidisuum
ni-ip-lá-aḫ-ma e-na-na-tum ú a-na-ku ḫu-ur-šam ni-ip-té-e-ma i-na ta-ma-lá-ki-kà ṭup-pá-am ša ku-nu-ki-šu nu-šé-li-ma ni-dí-šu-um,"Since we became afraid, Ennānātum and I myself, we opened the storeroom and took out of your tablet coffer the tablet with his seal, which we gave him.",phucthaiv02_oa_sentences.csv,niiplaahma enanatum u anaku huursam niipteema ina tamalakika tuppaam sa kunukisu nuselima nidisuum
pá-ni i-li-kà : lá ta-šé-e,You do not seek your god’s face.,akkadian-translation.csv,pani ilika la tasee
pá-ni i-li-kà lá ta-šé-e,you do not seek the face of your god!,akkadian-translation.csv,pani ilika la tasee
qá-dí a-hi-a-ma šé-a-ni,Sue me together with my brothers.,akkadian-translation.csv,qadi ahiama seani
qá-dí a-ḫi-a-ma šé-a-ni,Sue me together with my brothers.,phucthaiv02_oa_sentences.csv,qadi ahiama seani
ša A-mur-Ištar,Concerning Amur-Ištar.,akkadian-translation.csv,sa amuristar
ša a-mur-IŠTAR,Concerning Amur-Ištar.,phucthaiv02_oa_sentences.csv,sa amuristar
ša a-na gam-ra-tim a-na ša ni-iš A-limki i-tù-ra-ku-ni ta-lá-kam-ma a-dí MU.1.šÈ a-wa-tám a-na É a-bi-kà : ta-da-an,"Since he raised claim against you for everything that had been sworn by the City, you are to come and within 1 year you are to open the case for your paternal house.",akkadian-translation.csv,sa ana gamratim ana sa niis alimki iturakuni talakamma adi mu1se awatam ana e abika tadaan
ša a-na gam-ra-tim a-na ša ni-iš A-limki i-tù-ra-ku-ni ta-lá-kam-ma a-dí MU.1.ŠÈ a-wa-tám a-na É a-bi-kà : ta-da-an,"Since he (i.e. Šu-Bēlum) raised claim against you for everything that had been sworn by the City, you are to come and within 1 year you are to open the case for your paternal house.",akkadian-translation.csv,sa ana gamratim ana sa niis alimki iturakuni talakamma adi mu1se awatam ana e abika tadaan
ša ba-ri-n[i] li-li-kam-ma [G]ÍR ša A-[šur l]i-it-ma-ma ša-du-a-sú nu-ta-ar,and let somebody who is one of us come here to swear an oath by Aššur's dagger then we will give his šaddu®utu-tax back.,akkadian-translation.csv,sa barini lilikamma gir sa asur liitmama saduasu nutaar
sa ba-ri-[ni] li-li-kam-ma [GI]R sa A-[sur] li-it-ma-ma sa-du-a-su nu-ta-ar,"our peer may come here and take an oath by the dagger of divine Assur, and then we may return his saddu'atum.",akkadian-translation.csv,sa barini lilikamma gir sa asur liitmama saduasu nutaar
ša I-na-Sú-in LUGAL-dIM mì-ma lá ub-lam,šar-Adad has not brought anything belonging to Enna-Suen.,akkadian-translation.csv,sa inasuin lugaldim mima la ublam
ša i-na-sú-in LUGAL-(d)IM mì-ma lá ub-lam,Šar-Adad has not brought anything belonging to Enna-Suen.,phucthaiv02_oa_sentences.csv,sa inasuin lugaldim mima la ublam
sa ki-ma a bi4-raï a-qâ-ra-be-tins nu-sé-ri-ib ma [k]i-m.a É ku-nu-ki tup-pu a kit-lit-ma sa-sa-ru,"We have had our father's representatives enter the interior of the house and they found that the strong room, the tablets and everything else were well guarded.",akkadian-translation.csv,sa kima a bi4rai aqarabetins nuseriib ma kima e kunuki tuppu a kitlitma sasaru
sa ki-ma a bi4-raï a-qâ-ra-be-tins nu-sé-ri-ib ma [k]i-m.a É ku-nu-ki tup-pu a kit-/lit-ma ša-sa-ru,"We brought our father's representatives into the interior of the house and (they saw) that the strong room, the tablets, and everything else were well guarded.",akkadian-translation.csv,sa kima a bi4rai aqarabetins nuseriib ma kima e kunuki tuppu a kitlitma sasaru
[ša lá ú-ta-e-]ru i-ša-ri-iq-/[šum],who did not return it would have it taken away by force.,akkadian-translation.csv,sa la utaeru isariiqsum
ša lá ú-ta-e-ru i-ša-ri-iq-šum,who did not return it would have it taken away by force.,phucthaiv02_oa_sentences.csv,sa la utaeru isariiqsum
ša ša-du-a-tim lá tù-ša-da-a,You may not levy the šaddu’utum-tax.,akkadian-translation.csv,sa saduatim la tusadaa
sa ša-du-a-tim la tu-sa-da-a,You may not levy the šaddu 'utum-tax,akkadian-translation.csv,sa saduatim la tusadaa
šÀ.BA 2 TÚG.HI.A : ta-áb-lu,Of that 2 textiles have been taken away.,akkadian-translation.csv,saba 2 tughia taablu
ŠÀ.BA 2 TÚG.ḪI.A ta-áb-lu,Of that 2 textiles have been taken away.,phucthaiv02_oa_sentences.csv,saba 2 tughia taablu
šÀ.BA 7 GÚ URUDU a-qú-bu-ur [a-]bi-ni ga-me-er,Thereof 7 talents of copper was used for our father’s grave.,akkadian-translation.csv,saba 7 gu urudu aqubuur abini gameer
ŠÀ.BA 7 GÚ URUDU a-qú-bu-ur a-bi-ni ga-me-er,Thereof 7 talents of copper was used for our father's grave.,phucthaiv02_oa_sentences.csv,saba 7 gu urudu aqubuur abini gameer
ša-du-a-sú nu-ta-ar,then we will give his šaddu®utu-tax back.,akkadian-translation.csv,saduasu nutaar
sa-du-a-su nu-ta-ar,then we may return his saddu'atum.,akkadian-translation.csv,saduasu nutaar
ša-lim-A-šur a-hi li-li-kam-ma iš-tí-šu ší-sí-a,"Let my brother šalim-Aššur come, and then settle with him.",akkadian-translation.csv,salimasur ahi lilikamma istisu sisia
ša-lim-a-šùr a-ḫi li-li-kam-ma iš-tí-šu ší-sí-a,"Let my brother Šalim-Aššur come, and then settle with him.",phucthaiv02_oa_sentences.csv,salimasur ahi lilikamma istisu sisia
"sa-ma-am-ma ""su-bi-lam",Buy and send me,akkadian-translation.csv,samaamma subilam
sa-ma-a[m]-ma šu-[b]i-lam,19 buy ... for me and 20 send it to me.,akkadian-translation.csv,samaamma subilam
ší-bi šu-uk-na-šu-um-ma ù na-pá-al-tù-šu KI a-li-ki pá-nim-ma té-er-ta-ku-nu : li-li-kam.,Set witnesses against him and let your message with his answer reach me with the first traveler.,akkadian-translation.csv,sibi suuknasuumma u napaaltusu ki aliki panimma teertakunu lilikam
ší-bi šu-uk-na-šu-um-ma ù na-pá-al-tù-šu KI a-li-ki pá-nim-ma té-er-ta-ku-nu li-li-kam,Set witnesses for him and then send me word with his answer as soon as possible.,published_texts_sentences.csv,sibi suuknasuumma u napaaltusu ki aliki panimma teertakunu lilikam
ší-ru-um ša i-ri-˙u ša-áp-lá-nu-um i-tab-ku,The meat which remained they have stored below.,akkadian-translation.csv,siruum sa iriu saaplanuum itabku
ší-ru-um ša i-ri-u šá-áp-lá-nu-um i-tab-ku,The meat which remained they have ... below.,phucthaiv02_oa_sentences.csv,siruum sa iriu saaplanuum itabku
šu-Ištar a-wa-tám i-šu,"šu-Ištar raised the matter,",akkadian-translation.csv,suistar awatam isu
šu-IŠTAR a-wa-tám i-šu,Šu-Ištar raised the matter,phucthaiv02_oa_sentences.csv,suistar awatam isu
šu-ma A-bu-ša-lim lá-šu bé-el-šu le-tí-qám,"If Abu-šalim is absent, his master must travel.",akkadian-translation.csv,suma abusalim lasu beelsu letiqam
šu-ma a-bu-ša-lim lá-šu bé-el-šu le-tí-qám,"If Abu-šalim is absent, his master must travel.",phucthaiv02_oa_sentences.csv,suma abusalim lasu beelsu letiqam
[š]u-ma a-e-ma [ú-da]-pì-ir-ma [ag-ra-am ú-ga]-ar-ma [ig-re ag-ri-im ú-ma-lá],"If he goes away to somewhere else, I will hire [a hireling and he will] [compensate the wages of the hireling].",akkadian-translation.csv,suma aema udapiirma agraam ugaarma igre agriim umala
šu-ma a-e-ma ú-da-pì-ir-ma ag-ra-am ú-ga-ar-ma ig-re ag-ri-im ú-ma-lá [...],"If he goes away to somewhere else, I will hire [a hireling and he will compensate the wages of the hireling].",phucthaiv02_oa_sentences.csv,suma aema udapiirma agraam ugaarma igre agriim umala
šu-ma da-mu i-na ma-tí-kà i-ta-ab-ší dá-i-ki lu ta-du-nu-ni-a-tí-ma lu ni-du-ku,"If there is bloodshed in your land, you are to extradite the murderers to us, so that we may slay them.",akkadian-translation.csv,suma damu ina matika itaabsi daiki lu tadununiatima lu niduku
šu-ma da-mu i-na ma-tí-kà i-ta-áb-ší da-i-ki lu ta-du-nu-ni-a-tí-ma lu ni-du-ku,"when bloodshed has taken place in your country, you should give us the murderer (so that) we may kill him",akkadian-translation.csv,suma damu ina matika itaabsi daiki lu tadununiatima lu niduku
šu-ma En-na-num KÚ.BABBAR ta-da-nàm lá i-mu-a-ku-nu-tí da-na-at-ku-nu qí-bi4-a-šu-um,"If Ennªnum refuses to pay the silver, then speak forcefully to him.",akkadian-translation.csv,suma ennanum kubabbar tadanam la imuakunuti danaatkunu qibi4asuum
su-ma En-na-num KU.BABBAR ta-da-nam la i-mu-a-ku-nu-ti da-na-at-ku-nu qi-bi4-a-su-um,"If Ennanum refuses to pay the silver to you, then speak severely to him.",akkadian-translation.csv,suma ennanum kubabbar tadanam la imuakunuti danaatkunu qibi4asuum
šu-ma : I-dí-a-bu-um a-na Kà-ni-ìš : i-ta-lá-ak-ma ša-ma-a : lá tù-ta-e-er 53 1/2 ma-na KÙ.BABBAR a-ra-šu ša a-lu-um : A-šùr : i-dí-nu-šu-ni a-na A-šùr ta-ša-qal,"If Iddin-abum has gone to Kanesh but you do not return šamªya, then you must pay his fine of 53 1/2 minas of silver to Aššur, which the city decided for him.",akkadian-translation.csv,suma idiabuum ana kaniis italaakma samaa la tutaeer 53 12 mana kubabbar arasu sa aluum asur idinusuni ana asur tasaqal
su-ma I-di-a-bu-um a-na Ka-ni-is i-ta-la-ak-ma Sa-ma-a la tu-ta-e-er 53 1/2 ma-na KU.BABBAR a-ra-su sa a-lu-um A-sur i-di-nu-su-ni a-na A-sur ta-sa-qal,"If Iddin-abum has gone to Kanesh but you do not return Samaya, then you must pay his fine of 53 1/2 minas of silver to Assur, which the city decided for him.",akkadian-translation.csv,suma idiabuum ana kaniis italaakma samaa la tutaeer 53 12 mana kubabbar arasu sa aluum asur idinusuni ana asur tasaqal
su-ma i-Kà-ni-is i-là-qi-û qd-ti li-qi-ma ku-nu-uk-si-ma li-bi4 si,"If one is `taking' (it) in Kaniš, `take' my share (there), put it under seal and let it remain in store",akkadian-translation.csv,suma ikaniis ilaqiu qdti liqima kunuuksima libi4 si
šu-ma i-Kà-ni-is i-là-qi-û qd-ti li-qi-ma ku-nu-uk-si-ma li-bi4 si,"If one is `taking' (it) in Kaniš, `take' my share (there), put it under seal and let it remain in store",akkadian-translation.csv,suma ikaniis ilaqiu qdti liqima kunuuksima libi4 si
šu-ma i-tù-ru lá-am-nu-ut A-na : A-šùr ru-ba-im ù GAL sí-ki-tim,"If they raise claim, it is an evil against Anna, Aššur, the king and the rabi sikkitim.",akkadian-translation.csv,suma ituru laamnuut ana asur rubaim u gal sikitim
šu-ma i-tù-ru lá-am-nu-ut a-na a-šùr ru-ba-im ù GAL sí-ki-tim,"If they raise claim, it is an evil against Anna, Aššur, the king and the rabi sikkitim.",phucthaiv02_oa_sentences.csv,suma ituru laamnuut ana asur rubaim u gal sikitim
šu-ma ša ki-ma Im-dí-dan ù Ku-zi-a a-na šál-ma-A-šùr a-na 7 ma-na 7 GÍN A[N.NA] i-tù-ru Dan-A-šù[r] DUMU Ir-nu-id ú-ba-áb-šu,"If Imd‰-dan’s representatives and Kuziya claim the 7 minas 7 shekels of tin from šalim-Aššur, Dan-Aššur son of Irnuid will clear him.",akkadian-translation.csv,suma sa kima imdidan u kuzia ana salmaasur ana 7 mana 7 gin anna ituru danasur dumu irnuid ubaabsu
šu-ma ša ki-ma im-dí-dan ù ku-zi-a a-na šál-ma-a-šùr a-na 7 ma-na 7 GÍN AN.NA i-tù-ru dan-a-šùr DUMU ir-nu-id ú-ba-áb-šu,"If Imdī-dan's representatives and Kuziya claim the 7 minas 7 shekels of tin from Šalim-Aššur, Dan-Aššur son of Irnuid will clear him.",phucthaiv02_oa_sentences.csv,suma sa kima imdidan u kuzia ana salmaasur ana 7 mana 7 gin anna ituru danasur dumu irnuid ubaabsu
su-ma-me-en Pn 17 rwa-ar-kà-su-nu i-li ik-ma 18KÙ . BABBAR i~-sa--as q%2l5 -~.~- nu 191 à-me-en I siG5,"had Pn run after them and made them pay the silver, then that would not have been good",akkadian-translation.csv,sumameen pn 17 rwaarkasunu ili ikma 18ku babbar isaas q2l5 nu 191 ameen i sig5
šu-ma-me-en Pn 17 rwa-ar-kà-su-nu i-li ik-ma 18KÙ . BABBAR i~-sa--as q%2l5 -~.~- nu 191 à-me-en I siG5,"If Pn had run after them and made them pay the silver, then that would not have been good.",akkadian-translation.csv,sumameen pn 17 rwaarkasunu ili ikma 18ku babbar isaas q2l5 nu 191 ameen i sig5
ta-as-pu-ra-am um-ma a-ta-ma,"You have written to me, as follows:",akkadian-translation.csv,taaspuraam umma atama
ta-áš-pu-ra-am um-ma a-ta-ma,You wrote me as follows:,akkadian-translation.csv,taaspuraam umma atama
TÚG.HI.A ša A-lá-hu-um i-na pá-zu-ur-tim ú-šé-tí-qá-ni i-na ku-nu-ki-šu-nu li-ib-ší<-ú>,The textiles that Ali-ahum transported from the smuggling must remain under seal.,akkadian-translation.csv,tughia sa alahuum ina pazuurtim usetiqani ina kunukisunu liibsiu
TÚG.ḩI.A ša a-lá-ḩu-um i-na pá-zu-ur-tim ú-šé-ṭí-qá-ni i-na ku-nu-ki-šu-nu li-ib-ší-ú,The textiles that Ali-ahum transported from the smuggling must remain under their seals.,phucthaiv02_oa_sentences.csv,tughia sa alahuum ina pazuurtim usetiqani ina kunukisunu liibsiu
ṭup-pu-um ša a-limki i-li-kam,A letter of the City has arrived.,akkadian-translation.csv,tuppuum sa alimki ilikam
ṭup-pu-um ša a-lim(ki) i-li-kam,A letter of the City has arrived.,phucthaiv02_oa_sentences.csv,tuppuum sa alimki ilikam
[ṭup-pu-u]m ša ba-áb i-lim [ša Ka-nu-ti]m,"A tablet of a sworn deposition (lit. ""of the gate of the god"") of Kannutum, the wife of IlÈ-bani;",akkadian-translation.csv,tuppuum sa baab ilim sa kanutim
ṭup-pu-um ša ba-áb i-lim ša ka-nu-tim,A tablet concerning the gate of the god of the Kanutu-woman.,phucthaiv02_oa_sentences.csv,tuppuum sa baab ilim sa kanutim
ṭup-pu-um [ ša x x x a?-š]a-at [A-da-a ša] ší-im be-tim,"a tablet about (the ...... of the wife of, 64) Adaya about the price paid for a house;",akkadian-translation.csv,tuppuum sa x x x asaat adaa sa siim betim
ṭup-pu-um ša x x x a-ša-at a-da-a ša ší-im be-tim,A tablet concerning the wife of Adaya about the price paid for a house.,phucthaiv02_oa_sentences.csv,tuppuum sa x x x asaat adaa sa siim betim
ù am!-ma ša ki-ma i-a-tí šu-dEN.LÍL ù A-mur-Ištar i-ša-ha-at a-hi-a li-zi-zu,"Then my own representatives, šu-Illil and Amur-Ištar may assist my brother.",akkadian-translation.csv,u amma sa kima iati sudenlil u amuristar isahaat ahia lizizu
ú am-ma ša ki-ma i-a-tí šu-(d)EN.LÍL ú a-mur-IŠTAR i-ša-ḫa-at a-ḫi-a li-zi-zu,"Then my own representatives, Šu-Illil and Amur-Ištar may assist my brother.",phucthaiv02_oa_sentences.csv,u amma sa kima iati sudenlil u amuristar isahaat ahia lizizu
ù a-na me-er-e : ša-lim-A-šur la ta-tù-ar,and you must not raise claim against šalim-Aššur's sons.,akkadian-translation.csv,u ana meere salimasur la tatuar
ù a-na me-er-e ša-lim-a-šur la ta-tù-ar,and you must not raise claim against Šalim-Aššur's sons.,phucthaiv02_oa_sentences.csv,u ana meere salimasur la tatuar
ù a-na-kam iš-tí um-[me-a-ni] lu-za-ki-ku-nu,Then I shall clear you here with the investors.,akkadian-translation.csv,u anakam isti ummeani luzakikunu
ú a-na-kam iští um-me-a-ni lu-za-ki-ku-nu,Then I shall clear you here with the investors.,phucthaiv02_oa_sentences.csv,u anakam isti ummeani luzakikunu
ú a-na-ku a-ba-ki-šu-nu-tí-ma : ba-%a-ma ša-zu-za-tù-kà : lá i-du-nu-nim,"And although I am weeping to them, your representatives will not give me as much as sand!",akkadian-translation.csv,u anaku abakisunutima baama sazuzatuka la idununim
u a-na-ku a-ba-ki-su-nu-ti-ma : ba-~a-ma sa-zu-za-tù-kà : la i-du-nu-nim,"so I, I implore them and your representatives do not even give me sand.",akkadian-translation.csv,u anaku abakisunutima baama sazuzatuka la idununim
ù e-ma-sú-um ša 10 qé-e iš-tí En-um-A-šùr DUMU ší-ip-ri-im i-na Té-ga-ra-ma i-ba-ší,"And one emasum with a capacity of ten quarts is with Ennum-Aššur, the son of the messenger, in Tegarama.",akkadian-translation.csv,u emasuum sa 10 qee isti enumasur dumu siipriim ina tegarama ibasi
ù e-ma-sú-um ša 10 qé-e iš-tí en-um-a-šùr DUMU ší-ip-ri-im i-na té-ga-ra-ma i-ba-ší,"And one emasum with a capacity of 10 quarts is with Ennum-Assur, the son of the messenger, in Tegarama.",phucthaiv02_oa_sentences.csv,u emasuum sa 10 qee isti enumasur dumu siipriim ina tegarama ibasi
ú ep-ru-um a-na qá-qí-dí-a ša-áp-ku,and I am in great despair (lit. ‘my head is covered by dust’),akkadian-translation.csv,u epruum ana qaqidia saapku
u ep-ru-um a-na qa-qi-di-a sa-ap-ku,and I am in great despair (lit. 'my head is covered by dust'),akkadian-translation.csv,u epruum ana qaqidia saapku
ù i-dí-in da-a-ni Ku-ra-ma KÙ.BABBAR i-ša-qal,"and by the verdict of the judges, Kura shall now pay the silver.",akkadian-translation.csv,u idiin daani kurama kubabbar isaqal
ù i-di-in da-a-ni : Ku-ra-ma KÙ.BABBAR i-sa-qal,"And according to the verdict of the judges, Kura himself will pay the silver.",akkadian-translation.csv,u idiin daani kurama kubabbar isaqal
ú ku-nu-tí lu nu-ša-hi-it-/ku-nu,"And as for you, let us settle your affairs.",akkadian-translation.csv,u kunuti lu nusahiitkunu
ú ku-nu-tí lu nu-ša-ḫi-it-ku-nu,"And as for you, let us settle your affairs.",phucthaiv02_oa_sentences.csv,u kunuti lu nusahiitkunu
ù né-nu [a-wa-tám] nu-ta-er-ma um-ma né-nu-[ma a]-wa-tù-š[u-nu ga-am]-ra,"and then it was us who rebuffed the matter, saying: “Their case is closed.”",akkadian-translation.csv,u nenu awatam nutaerma umma nenuma awatusunu gaamra
ù né-nu a-wa-tám nu-ta-er-ma um-ma né-nu-ma a-wa-tù-šu-nu ga-am-ra,"and then we rebuffed the matter, saying: ""Their case is closed.""",phucthaiv02_oa_sentences.csv,u nenu awatam nutaerma umma nenuma awatusunu gaamra
ù ša-lim-A-šur a-na hu-bu-ul I-ba-a-a a-bi-šu-nu : a-na I-dí-Sú-in ù a-hi-šu : DUMU I-ba-a-a ù-lá i-tù-wa-ar-šu-nu-tí,And šalim-Aššur must not raise claim against Iddin-Suen or his brother for the debt of their father Ibaya.,akkadian-translation.csv,u salimasur ana hubuul ibaaa abisunu ana idisuin u ahisu dumu ibaaa ula ituwaarsunuti
ù ša-lim-a-šur a-na ḫu-bu-ul i-ba-a-a a-bi-šu-nu a-na i-dí-sú-in ù a-ḫi-šu DUMU i-ba-a-a ù-lá i-tù-wa-ar-šu-nu-tí,And Šalim-Aššur must not raise claim against Iddin-Suen or his brother for the debt of their father Ibaya.,phucthaiv02_oa_sentences.csv,u salimasur ana hubuul ibaaa abisunu ana idisuin u ahisu dumu ibaaa ula ituwaarsunuti
ù šu-ma ta-áš-bi-tí qá-tí i-du-nu-[ni]-ku-nu-[tí] le-qé-a,"And if they will give you the full payment on my share, then take it.",akkadian-translation.csv,u suma taasbiti qati idununikunuti leqea
ù šu-ma ta-áš-bi-tí qá-tí i-du-nu-ni-ku-nu-tí le-qé-a,"And if they will give you the full payment on my share, then take it.",phucthaiv02_oa_sentences.csv,u suma taasbiti qati idununikunuti leqea
[ú]-lá pu-ru-us ú-lá [šé]-ší-ib,"""Either decide or convene!""",akkadian-translation.csv,ula puruus ula sesiib
ú-lá pu-ru-us ú-lá šé-sí-ib,Either decide or convene!,akkadian-translation.csv,ula puruus ula sesiib
ú-la ta-t[ù-ar-ma] mì-ma la ta-na-pu-uš,do not raise claim and do not complain at all.”,akkadian-translation.csv,ula tatuarma mima la tanapuus
ú-la ta-tù-ar-ma mì-ma la ta-na-pu-uš,Do not raise claim and do not complain at all.,phucthaiv02_oa_sentences.csv,ula tatuarma mima la tanapuus
um-ma a-hu-šu-ma né-nu ú-lá ni-tù-ra-kum,"His brothers said: “As for us, we have no claims against you.”",akkadian-translation.csv,umma ahusuma nenu ula niturakum
um-ma a-ḫu-šu-ma né-nu ú-lá ni-tù-ra-kum,"His brothers said 'As for us, we have no claims against you.'",phucthaiv02_oa_sentences.csv,umma ahusuma nenu ula niturakum
um-ma A-mur-İštar-ma,Amur-Ištar answered thus:,akkadian-translation.csv,umma amuristarma
um-ma A-mur-Ištar-ma,Amur-Ištar said:,akkadian-translation.csv,umma amuristarma
um-ma A-mur-Ištar-ma a-na-ku a-šé-e-kà ú-ul a-ta ta-šé-e-a-ni,"Amur-Ištar continued: “It is I who am suing you, not you who are suing me.”",akkadian-translation.csv,umma amuristarma anaku aseeka uul ata taseeani
um-ma a-mur-IŠTAR-ma a-na-ku a-šé-e-kà ú-ul a-ta ta-šé-e-a-ni,"Amur-Ištar continued: ""It is I who am suing you, not you who are suing me.""",phucthaiv02_oa_sentences.csv,umma amuristarma anaku aseeka uul ata taseeani
um-ma A-mur-Ištar-ma qá-i ÌR li-li-kam,Amur-Ištar then said: “Wait until the slave has come here.”,akkadian-translation.csv,umma amuristarma qai ir lilikam
um-ma a-mur-IŠTAR-ma qá-i ÌR li-li-kam,"Amur-Ištar then said: ""Wait until the slave has come here.""",phucthaiv02_oa_sentences.csv,umma amuristarma qai ir lilikam
um-ma A-šùr-iš-tí-kál-ma a-ša-qá-lá-kum,Aššuriš-tikal answered: “I shall pay you.”,akkadian-translation.csv,umma asuristikalma asaqalakum
um-ma a-šùr-iš-tí-kál-ma a-ša-qá-lá-kum,"Aššuriš-tikal answered: ""I shall pay you.""",phucthaiv02_oa_sentences.csv,umma asuristikalma asaqalakum
um-ma A-šùr-ma-lik ù ša-lim-A-šur a-na ša-lim-A-šur qí-bi-ma,From Aššur-malik and šalim-Aššur to šalim-Aššur:,akkadian-translation.csv,umma asurmalik u salimasur ana salimasur qibima
um-ma a-šùr-ma-lik ù ša-lim-a-šur a-na ša-lim-a-šur qí-bi-ma,From Aššur-malik and Šalim-Aššur to Šalim-Aššur:,phucthaiv02_oa_sentences.csv,umma asurmalik u salimasur ana salimasur qibima
um-ma A-šù[r-ša-dí]-li-ma a-na Ku-li-a ù A-šur-la-m[a-sí] a-na Ku-li-a qí-bi-ma,Thus says Aššur-šad-ilī to Kuliya and Aššur-lam[assÈ] and in particular to Kuliya:,akkadian-translation.csv,umma asursadilima ana kulia u asurlamasi ana kulia qibima
um-ma a-šùr-ša-dí-li-ma a-na ku-li-a ù a-šur-la-ma-sí a-na ku-li-a qí-bi-ma,Thus says Aššur-šadu-ili to Kuliya and Aššur-lamassi; to Kuliya specifically speak:,phucthaiv02_oa_sentences.csv,umma asursadilima ana kulia u asurlamasi ana kulia qibima
um-ma En-nam-A-šur-ma,Thus says Ennam-Aššur.,akkadian-translation.csv,umma ennamasurma
um-ma En-nam-A-šùr-ma,Ennam-Aššur answered:,akkadian-translation.csv,umma ennamasurma
um-ma En-nam-A-šur-ma a-na A-la-hi-im qí-bi-ma,From Ennam-Aššur to Ali-ahum:,akkadian-translation.csv,umma ennamasurma ana alahiim qibima
um-ma en-nam-a-šur-ma a-na a-la-ḫi-im qí-bi-ma,From Ennam-Aššur to Ali-ahum:,phucthaiv02_oa_sentences.csv,umma ennamasurma ana alahiim qibima
um-ma En-nam-Ištar-ma a-na En-nam-A-šùr qí-bi-ma,From Ennam-Ištar to Ennam-Aššur:,akkadian-translation.csv,umma ennamistarma ana ennamasur qibima
um-ma en-nam-IŠTAR-ma a-na en-nam-a-šùr qí-bi-ma,Thus says Ennam-Ištar: To Ennam-Aššur say.,phucthaiv02_oa_sentences.csv,umma ennamistarma ana ennamasur qibima
um-ma En-na-na-tum ri-ig-ma-am lá ni-na-dí DUMU I-na-a lá i-ša-me-e,Ennanatum said: ‘We will not file a complaint lest Innaya’s son hears about it.’,akkadian-translation.csv,umma ennanatum riigmaam la ninadi dumu inaa la isamee
um-ma en-na-na-tum ri-ig-ma-am lá ni-na-dí DUMU i-na-a lá i-ša-me-e,"Ennānātum said: ""We will not file a complaint lest Innaya's son hears about it.""",phucthaiv02_oa_sentences.csv,umma ennanatum riigmaam la ninadi dumu inaa la isamee
um-ma En-um-A-šur a-na A-la-hi-im-ma,Ennam-Aššur said to Ali-ahum:,akkadian-translation.csv,umma enumasur ana alahiimma
um-ma en-um-a-šur a-na a-la-ḫi-im-ma,Ennam-Aššur said to Ali-ahum:,phucthaiv02_oa_sentences.csv,umma enumasur ana alahiimma
um-ma En-um-A-šùr-ma,Thus says Ennum-Ashur.,akkadian-translation.csv,umma enumasurma
um-ma En-um-A-šur-ma,and he said:,akkadian-translation.csv,umma enumasurma
um-ma En-um-A-šur-ma a-na En-na-Sú-in ù DINGIR-ba-ni qí-bi-ma,From Ennam–Aššur to Enna-Suen and Ili-bªni:,akkadian-translation.csv,umma enumasurma ana ennasuin u dingirbani qibima
um-ma en-um-a-šur-ma a-na en-na-sú-in ù DINGIR-ba-ni qí-bí-ma,Thus says Ennam-Aššur to Enna-Suen and Ilī-bāni:,phucthaiv02_oa_sentences.csv,umma enumasurma ana ennasuin u dingirbani qibima
um-ma En-um-A-šùr-ma uš-kà-[in] a-na ší-par be-lí-a,"Ennam-Aššur answered: ""I submit to the messenger of my lord.",akkadian-translation.csv,umma enumasurma uskain ana sipar belia
um-ma en-um-a-šùr-ma uš-kà-in a-na ší-pár be-lí-a,"Ennam-Aššur answered: ""I submit to the messenger of my lord.",phucthaiv02_oa_sentences.csv,umma enumasurma uskain ana sipar belia
um-ma Kà-ah-šu-na-ma a-šar-ma qá-at-kà lá ta-áš-qú-lu a-na 6 GÍN KÙ.BABBAR 12 GÍN KÙ.BABBAR lá ta-ša-qal,"Kahšuna continued: ""If you did not pay your share will you not pay 12 shekels of silver for the 6 shekels of silver?""",akkadian-translation.csv,umma kaahsunama asarma qaatka la taasqulu ana 6 gin kubabbar 12 gin kubabbar la tasaqal
um-ma Ka-ah-su-na-ma a-sar-ma qa-at-ka la ta-as-qu-lu a-na 6 GiN KU.BABBAR 12 GiN KU.BABBAR la ta-sa-qal,"KahSuna continued: ""If you did not pay your share will you not pay 12 shekels of silver for the 6 shekels of silver?""",akkadian-translation.csv,umma kaahsunama asarma qaatka la taasqulu ana 6 gin kubabbar 12 gin kubabbar la tasaqal
um-ma Kà-ah-šu-na-ma mì-ma qá-at-kà lá ta-áš-qú-ul,"Kahšuna said: ""You did not pay any of your share!""",akkadian-translation.csv,umma kaahsunama mima qaatka la taasquul
um-ma Ka-ah-su-na-ma mi-ma qa-at-ka la ta-as-qu-ul,"KahSuna said: ""You did not pay any of your share!""",akkadian-translation.csv,umma kaahsunama mima qaatka la taasquul
um-ma [kà-ru-um Kà-ni-iš-ma] a-na ú-bar-[tim] ša Ku-bu-ur-[na-at] qí-bi-ma,From the Kanesh colony to the trading station at Kuburnat:,akkadian-translation.csv,umma karuum kaniisma ana ubartim sa kubuurnaat qibima
um-ma kà-ru-um kà-ni-iš-ma a-na ú-bar-tim ša ku-bu-ur-na-at qí-bi-ma,Thus (says) the Karum of Kanesh: speak to the trading station at Kuburnat.,phucthaiv02_oa_sentences.csv,umma karuum kaniisma ana ubartim sa kubuurnaat qibima
um-ma La-ma-sí-ma a-na En-nam-A-šùr ù A-la-hi-im qí-bi-ma,From Lamass‰ to Ennam-Aššur and Aliahum:,akkadian-translation.csv,umma lamasima ana ennamasur u alahiim qibima
um-ma lá-ma-sí-ma a-na en-nam-a-šur ú a-lá-ḫi-im qí-bi₄-ma,From Lamassī to Ennam-Aššur and Ali-ahum:,phucthaiv02_oa_sentences.csv,umma lamasima ana ennamasur u alahiim qibima
um-ma Li-ba-a-ma a-ša-qá-lá-kum,"Libbªya said: ""I will pay you.""",akkadian-translation.csv,umma libaama asaqalakum
um-ma Li-ba-a-ma a-sa-qa-la-kum,"Libbaya said: ""I will pay you.""",akkadian-translation.csv,umma libaama asaqalakum
um-ma Ma-ma-hi-ir-ma Dan-A-šur A-lá-hu-um ù šu-Ištar-ma a-na En-um-A-šur qí-bi-ma,"From Man-mahir, Dan-Aššur, Al-ahum and šu-Ištar to Ennam-Aššur:",akkadian-translation.csv,umma mamahiirma danasur alahuum u suistarma ana enumasur qibima
um-ma ma-ma-ḫi-ir-ma dan-a-šur a-lá-ḫu-um ù šu-IŠTAR-ma a-na en-um-a-šur qí-bi-ma,"From Man-mahir, Dan-Aššur, Ali-ahum and Šu-Ištar to Ennam-Aššur:",phucthaiv02_oa_sentences.csv,umma mamahiirma danasur alahuum u suistarma ana enumasur qibima
um-ma Na-hi-iš-tum-ma a-na En-um-A-šùr,From Nahištum to Ennam-Aššur:,akkadian-translation.csv,umma nahiistumma ana enumasur
um-ma na-ḫi-iš-tum-ma a-na en-um-a-šùr,Thus says Nahištum: To Ennum-Aššur.,phucthaiv02_oa_sentences.csv,umma nahiistumma ana enumasur
[um]-ma Puzur4-Ištar-ma,Thus says Puzur-Ištar.,akkadian-translation.csv,umma puzur4istarma
um-ma Puzur4-Ištar-ma,Puzur-Ištar answered:,akkadian-translation.csv,umma puzur4istarma
um-ma Puzur—A-šur-ma,Thus (speaks) Puzur-Ag'šur :,akkadian-translation.csv,umma puzurasurma
um-ma PUZUR₄-a-šur-ma,Puzur-Aššur answered:,phucthaiv02_oa_sentences.csv,umma puzurasurma
um-ma ša-lim-A-šùr-ma,šalim-Aššur said:,akkadian-translation.csv,umma salimasurma
um-ma Ša-lim-A-šùr-ma,Thus says Shalim-Ashur:,akkadian-translation.csv,umma salimasurma
um-ma ša-lim-A-šùr-ma a-na A-lá-[hi-im] šé-ep-Ištar ù A-šùr-kà-ší-id qí-bi-ma,"From šalim-Aššur to Ali-ahum, š®p-Ištar and Aššur-kªšid:",akkadian-translation.csv,umma salimasurma ana alahiim seepistar u asurkasiid qibima
um-ma ša-lim-a-šùr-ma a-na a-lá-ḫi-im šé-ep-IŠTAR ù a-šùr-kà-ší-id qí-bi-ma,"Thus says Šalim-Aššur to Ali-ahum, Šēp-Ištar and Aššur-kāšid:",phucthaiv02_oa_sentences.csv,umma salimasurma ana alahiim seepistar u asurkasiid qibima
um-ma ša-lim-A-šùr-ma a-na A-šùr-iš-tí-kál En-na-nim En-um-A-šùr DUMU Ú-zu-a ù En-um-A-šùr qí-bi-ma,"From šalim-Aššur to Aššuriš-tikal, Ennªnum, Ennam-Aššur son of Uzuwa and Ennam-Aššur:",akkadian-translation.csv,umma salimasurma ana asuristikal ennanim enumasur dumu uzua u enumasur qibima
um-ma ša-lim-a-šùr-ma a-na a-šùr-iš-tí-kál en-na-nim en-um-a-šùr DUMU ú-zu-a ù en-um-a-šùr qí-bi-ma,"From Šalim-Aššur to Aššuriš-tikal, Ennānum, Ennam-Aššur son of Uzuwa and Ennam-Aššur:",phucthaiv02_oa_sentences.csv,umma salimasurma ana asuristikal ennanim enumasur dumu uzua u enumasur qibima
um-ma ša-lim-A-šur-ma a-na En-nam-A-šur ù A-lá-hi-im qí-bi-ma,From šalim-Aššur to Ennam-Aššur and Ali-ahum:,akkadian-translation.csv,umma salimasurma ana ennamasur u alahiim qibima
um-ma ša-lim-a-šur-ma a-na en-nam-a-šur ú a-lá-ḫi-im qí-bi-ma,"From Šalim-Aššur to Ennam-Aššur and Ali-ahum, say:",phucthaiv02_oa_sentences.csv,umma salimasurma ana ennamasur u alahiim qibima
um-ma ša-lim-A-šur-ma a-šar : ÌR : a-na ÌR-dí-kà lá i-tù-ru!-ú : ma-a a-na ÌR-dí-a : i-tù-wa-ar,"and šalim-Aššur said: ”In case the slave does not raise claim against your slave, then, will he raise claims against my slave?”",akkadian-translation.csv,umma salimasurma asar ir ana irdika la ituruu maa ana irdia ituwaar
um-ma ša-lim-a-šur-ma a-šar ÌR a-na ÌR-dí-kà lá i-tù-ru-ú ma-a a-na ÌR-dí-a i-tù-wa-ar,"Šalim-Aššur said: ""Since the slave does not claim against your slave, will he then claim against my slave?""",phucthaiv02_oa_sentences.csv,umma salimasurma asar ir ana irdika la ituruu maa ana irdia ituwaar
um-ma [ša-lim-A-š]ur-ma dí-ik-ma-am ù nu-ra-am ú-ma-li,šalim-Aššur said: “I have paid in ashes(?) and light.”,akkadian-translation.csv,umma salimasurma diikmaam u nuraam umali
um-ma ša-lim-a-šur-ma dí-ik-ma-am ú nu-ra-am ú-ma-li,Šalim-Aššur said: 'I have paid in ashes(?) and light.',phucthaiv02_oa_sentences.csv,umma salimasurma diikmaam u nuraam umali
um-ma ša-lim-A-šur-ma Ha-bu-ra-ta-/i-am tal-qé,šalim-Aššur said: “Did you take copper from Haburat?”,akkadian-translation.csv,umma salimasurma haburataiam talqe
um-ma ša-lim-a-šur-ma ha-bu-ra-ta-i-am tal-qé,"Šalim-Aššur said: ""Did you take copper from Haburat?""",phucthaiv02_oa_sentences.csv,umma salimasurma haburataiam talqe
um-ma ša-lim-A-šùr-ma ú-lá a-kà-lá-ma ta-al-qé,"šalim-Aššur said: “I hold nothing, yet you have taken it.”",akkadian-translation.csv,umma salimasurma ula akalama taalqe
um-ma ša-lim-a-šùr-ma ú-lá a-kà-lá-ma ta-al-qé,"Šalim-Aššur said: ""I hold nothing, yet you have taken it.""",phucthaiv02_oa_sentences.csv,umma salimasurma ula akalama taalqe
um-ma šu-Be-lúm-ma,and šu-B®lum said:,akkadian-translation.csv,umma subelumma
um-ma šu-bé-lúm-ma,Šu-Bēlum said:,phucthaiv02_oa_sentences.csv,umma subelumma
um-ma šu-Be-lúm-ma 3 ma-na URUDU SIG5 qá-tí-i áš-qúl,"šu-B®lum said: ""I paid my share of three minas of copper of good quality.""",akkadian-translation.csv,umma subelumma 3 mana urudu sig5 qatii asqul
um-ma Su-Be-lum-ma 3 ma-na URUDU SIG5 qa-ti-i as-qul,"Su-Belum said: ""I paid my share of three minas of copper of good quality.""",akkadian-translation.csv,umma subelumma 3 mana urudu sig5 qatii asqul
um-ma šu-Be-lúm-ma a-na lu-qú-tim ša É A-šùr-be-el-a-wa-tim a-na-ku : a-šé-e-kà,šu-B®lum said: “I sue you for the goods from Aššur-b®l-awªtim’s house.”,akkadian-translation.csv,umma subelumma ana luqutim sa e asurbeelawatim anaku aseeka
um-ma šu-be-lúm-ma a-na lu-qú-tim ša É a-šùr-be-el-a-wa-tim a-na-ku a-šé-e-kà,Šu-Bēlum said: 'I sue you for the goods from Aššur-bēl-awātim's house.',phucthaiv02_oa_sentences.csv,umma subelumma ana luqutim sa e asurbeelawatim anaku aseeka
um-ma šu-Be-lúm-ma ke-na al-qé,"šu-B®lum answered: “Yes, I took it.”",akkadian-translation.csv,umma subelumma kena alqe
um-ma šu-be-lúm-ma ke-na al-qé,"Šu-Bēlum answered: ""Yes, I took it.""",phucthaiv02_oa_sentences.csv,umma subelumma kena alqe
um-ma šu-Be-lúm-ma : ke-na ša ÌR-dí-a : A-bu-ša-lim al-qé,"šu-B®lum answered: “Yes, I have taken what belongs to my slave Abu-šalim.”",akkadian-translation.csv,umma subelumma kena sa irdia abusalim alqe
um-ma šu-be-lúm-ma ke-na ša ÌR-dí-a a-bu-ša-lim al-qé,"Šu-Bēlum answered: ""Yes, I have taken what belongs to my slave Abu-šalim.""",phucthaiv02_oa_sentences.csv,umma subelumma kena sa irdia abusalim alqe
um-ma šu-Be-lúm-ma : šu-ma a-na ku-a-im : i-tù-a-ar a-na TÚG.HI.A ù ANšE.HI.A a-za-za-kum,"šu-B®lum answered: ”If he raises claim against yours, then I guarantee for the textiles and the donkey for you.”",akkadian-translation.csv,umma subelumma suma ana kuaim ituaar ana tughia u ansehia azazakum
um-ma šu-be-lúm-ma šu-ma a-na ku-a-im i-tù-a-ar a-na TÚG.ḪI.A ù ANŠE.ḪI.A a-za-za-kum,"Šu-Bēlum answered: ""If he claims against yours, then I guarantee the textiles and the donkey for you.""",phucthaiv02_oa_sentences.csv,umma subelumma suma ana kuaim ituaar ana tughia u ansehia azazakum
um-ma šu-Ištar-ma,šu-Ištar said:,akkadian-translation.csv,umma suistarma
um-ma šu-IŠTAR-ma,thus Šu-Ištar:,phucthaiv02_oa_sentences.csv,umma suistarma
um-ma šu-nu-ma šu-pu-ur-ma me-er-ú a-we-lim li-li-ku-ni-/ma a-li ús-ma-at-ni a-ta-ma mì-li-ik,"They said: “Write so that the man’s sons come here, and then you yourself decide what is fitting.”",akkadian-translation.csv,umma sunuma supuurma meeru awelim lilikunima ali usmaatni atama miliik
um-ma šu-nu-ma šu-pu-ur-ma me-er-ú a-we-lim li-li-ku-ni-ma a-li ús-ma-at-ni a-ta-ma mì-li-ik,"They said: Write so that the man's sons come here, and then you yourself decide what is fitting.",phucthaiv02_oa_sentences.csv,umma sunuma supuurma meeru awelim lilikunima ali usmaatni atama miliik
um-ma šu-nu-ma : tup-pu-um : šu-um-šu ú-lá ha-ri-im,"They answered: ""No tablet at all was certified.""",akkadian-translation.csv,umma sunuma tuppuum suumsu ula hariim
um-ma šu-nu-ma ṭup-pu-um šu-um-šu ú-lá ha-ri-im,They answered: 'No tablet at all was certified.',phucthaiv02_oa_sentences.csv,umma sunuma tuppuum suumsu ula hariim
um-ma šu-u[t]-/ma,He said:,akkadian-translation.csv,umma suutma
um-ma šu-ut-ma,but he replied,akkadian-translation.csv,umma suutma
um-ma šu-ut-ma a-na E-lá-lí a-lá-ak,saying: ‘I am going to ElalÈ’”.,akkadian-translation.csv,umma suutma ana elali alaak
um-ma šu-ut-ma a-na e-lá-lí a-lá-ak,He said: 'I am going to Elalī.',phucthaiv02_oa_sentences.csv,umma suutma ana elali alaak
um-ma su-ut-ma ki-ma a-na di-tim is-pu-ra-ni-ni,"Thus he (spoke): 'Accordingly, as he sent me to a lawsuit—'.",akkadian-translation.csv,umma suutma kima ana ditim ispuranini
um-ma šu-ut-ma ki-ma a-na dí-tim iš-pu-ra-ni-ni,"he said: ""He just sent me to a lawsuit!""",akkadian-translation.csv,umma suutma kima ana ditim ispuranini
um-ma wa-ak-lúm-ma a-na kà-ri-im Kà-ni-iš qí-bí-ma,From the King to the Kanesh colony,akkadian-translation.csv,umma waaklumma ana kariim kaniis qibima
um-ma wa-ak-lúm-ma a-na kà-ri-im Kà-ni-iš qí-bi-ma,Thus says the overseer: speak to the colony of Kanish.,akkadian-translation.csv,umma waaklumma ana kariim kaniis qibima
um-ma wa-ak-lúm-ma a-na kà-ri-im kà-ni-iški qí-bi-ma,"Thus (said) the ruler, speak to the Kanesh colony:",akkadian-translation.csv,umma waaklumma ana kariim kaniiski qibima
um-ma wa-ak-lúm-ma a-na kà-ri-im Kà-ni-iški qí-bí-ma,From the waklum to the Kanesh colony:,akkadian-translation.csv,umma waaklumma ana kariim kaniiski qibima
[x x (x) k]à tù-kà lá ta-ša-/kán lá ú-ša-ra-ší,You will not place ... and I shall not release her.,akkadian-translation.csv,x x x ka tuka la tasakan la usarasi
x x x kà tù-kà lá ta-ša-kán lá ú-ša-ra-ši,You will not place ... and I shall not release her.,phucthaiv02_oa_sentences.csv,x x x ka tuka la tasakan la usarasi
